Show_Id,Type
s1,398
s2,310
s3,336
s4,47
s5,294
s6,397
s7,336
s8,294
s9,336
s10,339
s11,330
s12,232
s13,223
s14,270
s15,346
s16,316
s17,395
s18,330
s19,188
s20,448
s21,303
s22,36
s23,310
s24,310
s25,74
s26,261
s27,427
s28,339
s29,267
s30,465
s31,267
s32,313
s33,313
s34,177
s35,218
s36,274
s37,189
s38,189
s39,376
s40,206
s41,206
s42,336
s43,206
s44,310
s45,56
s46,232
s47,323
s48,325
s49,209
s50,189
s51,0
s52,377
s53,267
s54,285
s55,315
s56,423
s57,261
s58,310
s59,97
s60,310
s61,308
s62,362
s63,335
s64,251
s65,222
s66,343
s67,261
s68,423
s69,48
s70,343
s71,261
s72,0
s73,177
s74,303
s75,310
s76,335
s77,332
s78,206
s79,189
s80,273
s81,232
s82,350
s83,445
s84,302
s85,177
s86,107
s87,395
s88,232
s89,47
s90,0
s91,36
s92,316
s93,23
s94,261
s95,186
s96,362
s97,0
s98,316
s99,317
s100,315
s101,189
s102,263
s103,206
s104,206
s105,18
s106,310
s107,313
s108,310
s109,414
s110,359
s111,261
s112,404
s113,374
s114,118
s115,188
s116,213
s117,316
s118,23
s119,188
s120,206
s121,192
s122,218
s123,188
s124,310
s125,206
s126,302
s127,36
s128,33
s129,306
s130,339
s131,427
s132,205
s133,490
s134,310
s135,276
s136,208
s137,316
s138,279
s139,279
s140,279
s141,279
s142,74
s143,95
s144,208
s145,316
s146,137
s147,267
s148,114
s149,177
s150,313
s151,303
s152,327
s153,393
s154,15
s155,218
s156,131
s157,209
s158,50
s159,323
s160,136
s161,136
s162,136
s163,423
s164,118
s165,124
s166,163
s167,323
s168,118
s169,330
s170,267
s171,294
s172,423
s173,51
s174,310
s175,177
s176,302
s177,200
s178,114
s179,114
s180,114
s181,377
s182,261
s183,261
s184,196
s185,332
s186,303
s187,125
s188,206
s189,396
s190,274
s191,491
s192,362
s193,310
s194,261
s195,270
s196,490
s197,303
s198,451
s199,379
s200,376
s201,261
s202,313
s203,226
s204,211
s205,206
s206,327
s207,330
s208,261
s209,267
s210,318
s211,178
s212,310
s213,330
s214,223
s215,304
s216,306
s217,261
s218,136
s219,368
s220,206
s221,449
s222,359
s223,313
s224,271
s225,310
s226,412
s227,200
s228,118
s229,64
s230,304
s231,316
s232,302
s233,294
s234,118
s235,303
s236,395
s237,310
s238,267
s239,218
s240,395
s241,177
s242,395
s243,114
s244,206
s245,114
s246,310
s247,425
s248,215
s249,392
s250,353
s251,323
s252,36
s253,261
s254,63
s255,114
s256,114
s257,279
s258,303
s259,111
s260,476
s261,74
s262,331
s263,10
s264,313
s265,206
s266,208
s267,189
s268,48
s269,303
s270,359
s271,316
s272,310
s273,310
s274,312
s275,189
s276,339
s277,404
s278,189
s279,312
s280,310
s281,36
s282,261
s283,310
s284,210
s285,363
s286,118
s287,189
s288,189
s289,276
s290,287
s291,226
s292,310
s293,189
s294,359
s295,376
s296,294
s297,329
s298,320
s299,0
s300,48
s301,122
s302,48
s303,0
s304,232
s305,310
s306,449
s307,465
s308,449
s309,294
s310,31
s311,449
s312,212
s313,449
s314,303
s315,37
s316,333
s317,307
s318,177
s319,356
s320,283
s321,449
s322,93
s323,277
s324,323
s325,101
s326,261
s327,261
s328,261
s329,267
s330,323
s331,294
s332,302
s333,41
s334,232
s335,294
s336,108
s337,377
s338,232
s339,279
s340,395
s341,230
s342,74
s343,423
s344,310
s345,449
s346,336
s347,313
s348,261
s349,369
s350,369
s351,93
s352,310
s353,209
s354,303
s355,351
s356,36
s357,208
s358,466
s359,208
s360,395
s361,74
s362,310
s363,189
s364,72
s365,416
s366,395
s367,359
s368,232
s369,20
s370,206
s371,449
s372,206
s373,317
s374,303
s375,114
s376,449
s377,269
s378,189
s379,449
s380,188
s381,415
s382,168
s383,168
s384,270
s385,313
s386,23
s387,449
s388,449
s389,201
s390,232
s391,267
s392,51
s393,156
s394,390
s395,207
s396,261
s397,415
s398,56
s399,93
s400,114
s401,126
s402,261
s403,313
s404,188
s405,465
s406,484
s407,23
s408,302
s409,114
s410,374
s411,359
s412,415
s413,412
s414,139
s415,271
s416,343
s417,189
s418,331
s419,323
s420,0
s421,209
s422,189
s423,294
s424,209
s425,310
s426,323
s427,382
s428,188
s429,427
s430,294
s431,313
s432,491
s433,114
s434,114
s435,404
s436,261
s437,261
s438,243
s439,4
s440,218
s441,382
s442,353
s443,261
s444,269
s445,313
s446,189
s447,13
s448,310
s449,308
s450,97
s451,261
s452,276
s453,427
s454,261
s455,0
s456,294
s457,261
s458,249
s459,249
s460,261
s461,276
s462,261
s463,261
s464,261
s465,491
s466,33
s467,294
s468,302
s469,486
s470,274
s471,261
s472,483
s473,177
s474,179
s475,294
s476,248
s477,294
s478,449
s479,395
s480,206
s481,312
s482,269
s483,449
s484,449
s485,267
s486,114
s487,114
s488,114
s489,114
s490,189
s491,168
s492,200
s493,310
s494,330
s495,377
s496,295
s497,330
s498,189
s499,189
s500,207
s501,359
s502,303
s503,190
s504,310
s505,285
s506,303
s507,206
s508,19
s509,189
s510,339
s511,339
s512,267
s513,270
s514,302
s515,20
s516,387
s517,74
s518,323
s519,0
s520,114
s521,114
s522,491
s523,177
s524,415
s525,303
s526,20
s527,310
s528,305
s529,118
s530,51
s531,336
s532,277
s533,36
s534,402
s535,401
s536,449
s537,303
s538,316
s539,114
s540,400
s541,79
s542,328
s543,303
s544,459
s545,362
s546,231
s547,26
s548,206
s549,114
s550,276
s551,449
s552,449
s553,189
s554,41
s555,270
s556,303
s557,80
s558,261
s559,229
s560,229
s561,310
s562,261
s563,342
s564,339
s565,23
s566,249
s567,51
s568,302
s569,449
s570,277
s571,415
s572,118
s573,313
s574,189
s575,427
s576,396
s577,366
s578,449
s579,450
s580,273
s581,189
s582,36
s583,357
s584,465
s585,241
s586,449
s587,364
s588,218
s589,118
s590,316
s591,310
s592,343
s593,218
s594,303
s595,312
s596,455
s597,376
s598,279
s599,404
s600,36
s601,261
s602,23
s603,342
s604,465
s605,206
s606,310
s607,36
s608,274
s609,327
s610,373
s611,395
s612,274
s613,303
s614,294
s615,209
s616,236
s617,74
s618,267
s619,201
s620,470
s621,261
s622,465
s623,310
s624,261
s625,278
s626,18
s627,177
s628,26
s629,316
s630,357
s631,377
s632,33
s633,146
s634,313
s635,0
s636,56
s637,269
s638,341
s639,491
s640,427
s641,443
s642,395
s643,314
s644,188
s645,310
s646,267
s647,310
s648,315
s649,449
s650,449
s651,449
s652,72
s653,303
s654,310
s655,48
s656,48
s657,36
s658,36
s659,36
s660,36
s661,36
s662,36
s663,36
s664,310
s665,310
s666,206
s667,302
s668,285
s669,400
s670,97
s671,209
s672,189
s673,232
s674,267
s675,189
s676,142
s677,74
s678,376
s679,206
s680,208
s681,369
s682,335
s683,33
s684,309
s685,330
s686,249
s687,93
s688,18
s689,18
s690,345
s691,110
s692,316
s693,177
s694,226
s695,226
s696,491
s697,273
s698,189
s699,395
s700,310
s701,359
s702,294
s703,108
s704,74
s705,80
s706,80
s707,404
s708,383
s709,131
s710,114
s711,114
s712,353
s713,209
s714,206
s715,188
s716,188
s717,22
s718,36
s719,48
s720,189
s721,376
s722,393
s723,310
s724,377
s725,377
s726,377
s727,377
s728,209
s729,270
s730,310
s731,209
s732,388
s733,267
s734,114
s735,114
s736,404
s737,404
s738,114
s739,114
s740,114
s741,415
s742,140
s743,114
s744,114
s745,114
s746,114
s747,114
s748,114
s749,424
s750,313
s751,388
s752,189
s753,18
s754,189
s755,206
s756,294
s757,49
s758,221
s759,176
s760,282
s761,404
s762,250
s763,315
s764,273
s765,0
s766,313
s767,247
s768,47
s769,94
s770,430
s771,156
s772,310
s773,315
s774,303
s775,20
s776,261
s777,192
s778,377
s779,377
s780,404
s781,267
s782,206
s783,129
s784,276
s785,74
s786,302
s787,404
s788,140
s789,362
s790,305
s791,267
s792,238
s793,23
s794,376
s795,178
s796,177
s797,189
s798,362
s799,206
s800,261
s801,277
s802,323
s803,118
s804,118
s805,312
s806,376
s807,323
s808,343
s809,261
s810,310
s811,267
s812,92
s813,272
s814,261
s815,377
s816,232
s817,313
s818,270
s819,261
s820,442
s821,313
s822,261
s823,168
s824,310
s825,267
s826,415
s827,303
s828,303
s829,404
s830,404
s831,424
s832,221
s833,261
s834,347
s835,131
s836,131
s837,114
s838,329
s839,312
s840,211
s841,359
s842,206
s843,313
s844,4
s845,4
s846,4
s847,449
s848,449
s849,449
s850,427
s851,376
s852,206
s853,449
s854,271
s855,261
s856,415
s857,389
s858,130
s859,247
s860,232
s861,261
s862,261
s863,397
s864,313
s865,177
s866,491
s867,313
s868,209
s869,80
s870,80
s871,80
s872,80
s873,80
s874,189
s875,270
s876,56
s877,452
s878,270
s879,303
s880,392
s881,376
s882,377
s883,209
s884,310
s885,310
s886,206
s887,189
s888,303
s889,314
s890,114
s891,23
s892,316
s893,339
s894,303
s895,140
s896,140
s897,140
s898,140
s899,392
s900,415
s901,177
s902,177
s903,97
s904,118
s905,0
s906,131
s907,465
s908,218
s909,261
s910,124
s911,269
s912,118
s913,273
s914,261
s915,449
s916,449
s917,449
s918,449
s919,449
s920,449
s921,261
s922,449
s923,449
s924,449
s925,450
s926,261
s927,310
s928,303
s929,263
s930,372
s931,310
s932,398
s933,311
s934,23
s935,328
s936,267
s937,316
s938,201
s939,188
s940,23
s941,396
s942,232
s943,189
s944,189
s945,48
s946,35
s947,294
s948,74
s949,395
s950,102
s951,310
s952,33
s953,232
s954,427
s955,460
s956,267
s957,102
s958,314
s959,232
s960,56
s961,48
s962,36
s963,0
s964,302
s965,316
s966,232
s967,458
s968,261
s969,273
s970,491
s971,4
s972,305
s973,387
s974,74
s975,5
s976,5
s977,329
s978,189
s979,208
s980,23
s981,427
s982,114
s983,23
s984,201
s985,398
s986,397
s987,48
s988,313
s989,70
s990,232
s991,303
s992,479
s993,401
s994,294
s995,368
s996,74
s997,303
s998,188
s999,306
s1000,177
s1001,95
s1002,347
s1003,18
s1004,306
s1005,209
s1006,261
s1007,74
s1008,269
s1009,426
s1010,449
s1011,404
s1012,261
s1013,490
s1014,114
s1015,261
s1016,118
s1017,168
s1018,189
s1019,276
s1020,270
s1021,261
s1022,280
s1023,23
s1024,310
s1025,303
s1026,465
s1027,423
s1028,307
s1029,374
s1030,189
s1031,118
s1032,201
s1033,189
s1034,310
s1035,294
s1036,261
s1037,206
s1038,23
s1039,23
s1040,427
s1041,466
s1042,15
s1043,395
s1044,415
s1045,404
s1046,36
s1047,427
s1048,227
s1049,110
s1050,232
s1051,232
s1052,395
s1053,392
s1054,189
s1055,267
s1056,267
s1057,274
s1058,274
s1059,267
s1060,20
s1061,312
s1062,93
s1063,103
s1064,309
s1065,398
s1066,206
s1067,114
s1068,218
s1069,359
s1070,0
s1071,362
s1072,449
s1073,201
s1074,285
s1075,303
s1076,404
s1077,325
s1078,118
s1079,267
s1080,222
s1081,200
s1082,0
s1083,427
s1084,415
s1085,189
s1086,289
s1087,208
s1088,209
s1089,276
s1090,252
s1091,268
s1092,206
s1093,395
s1094,329
s1095,261
s1096,465
s1097,449
s1098,347
s1099,209
s1100,189
s1101,442
s1102,449
s1103,56
s1104,490
s1105,189
s1106,362
s1107,177
s1108,368
s1109,90
s1110,276
s1111,376
s1112,330
s1113,303
s1114,209
s1115,302
s1116,232
s1117,48
s1118,36
s1119,465
s1120,118
s1121,118
s1122,118
s1123,310
s1124,206
s1125,395
s1126,103
s1127,188
s1128,415
s1129,423
s1130,303
s1131,48
s1132,267
s1133,336
s1134,303
s1135,359
s1136,18
s1137,347
s1138,261
s1139,451
s1140,415
s1141,404
s1142,323
s1143,261
s1144,48
s1145,395
s1146,303
s1147,294
s1148,302
s1149,110
s1150,45
s1151,226
s1152,347
s1153,171
s1154,48
s1155,311
s1156,323
s1157,189
s1158,209
s1159,359
s1160,23
s1161,303
s1162,343
s1163,97
s1164,374
s1165,336
s1166,74
s1167,315
s1168,209
s1169,362
s1170,168
s1171,189
s1172,310
s1173,316
s1174,404
s1175,404
s1176,114
s1177,114
s1178,114
s1179,395
s1180,383
s1181,393
s1182,102
s1183,274
s1184,335
s1185,280
s1186,269
s1187,237
s1188,186
s1189,120
s1190,276
s1191,302
s1192,362
s1193,393
s1194,466
s1195,218
s1196,189
s1197,209
s1198,136
s1199,400
s1200,303
s1201,257
s1202,232
s1203,74
s1204,131
s1205,261
s1206,189
s1207,118
s1208,118
s1209,222
s1210,427
s1211,316
s1212,310
s1213,74
s1214,404
s1215,404
s1216,188
s1217,310
s1218,188
s1219,271
s1220,449
s1221,449
s1222,223
s1223,421
s1224,114
s1225,318
s1226,79
s1227,164
s1228,186
s1229,342
s1230,177
s1231,267
s1232,232
s1233,343
s1234,73
s1235,0
s1236,36
s1237,36
s1238,261
s1239,395
s1240,376
s1241,84
s1242,166
s1243,294
s1244,209
s1245,261
s1246,200
s1247,383
s1248,118
s1249,267
s1250,89
s1251,53
s1252,449
s1253,310
s1254,85
s1255,267
s1256,134
s1257,294
s1258,313
s1259,297
s1260,209
s1261,189
s1262,189
s1263,209
s1264,189
s1265,285
s1266,313
s1267,189
s1268,210
s1269,487
s1270,310
s1271,465
s1272,189
s1273,267
s1274,294
s1275,313
s1276,294
s1277,56
s1278,395
s1279,395
s1280,118
s1281,18
s1282,18
s1283,404
s1284,115
s1285,480
s1286,118
s1287,208
s1288,208
s1289,179
s1290,435
s1291,261
s1292,283
s1293,36
s1294,273
s1295,310
s1296,303
s1297,368
s1298,393
s1299,284
s1300,435
s1301,151
s1302,362
s1303,200
s1304,361
s1305,282
s1306,282
s1307,276
s1308,451
s1309,285
s1310,449
s1311,449
s1312,23
s1313,343
s1314,386
s1315,110
s1316,98
s1317,404
s1318,114
s1319,423
s1320,114
s1321,423
s1322,404
s1323,114
s1324,362
s1325,206
s1326,118
s1327,276
s1328,114
s1329,404
s1330,189
s1331,366
s1332,257
s1333,399
s1334,261
s1335,61
s1336,74
s1337,490
s1338,120
s1339,485
s1340,48
s1341,449
s1342,404
s1343,188
s1344,303
s1345,116
s1346,347
s1347,362
s1348,294
s1349,310
s1350,188
s1351,230
s1352,273
s1353,449
s1354,449
s1355,449
s1356,449
s1357,449
s1358,449
s1359,195
s1360,276
s1361,449
s1362,302
s1363,118
s1364,212
s1365,218
s1366,294
s1367,136
s1368,313
s1369,177
s1370,209
s1371,192
s1372,353
s1373,118
s1374,120
s1375,188
s1376,316
s1377,404
s1378,404
s1379,114
s1380,114
s1381,114
s1382,114
s1383,404
s1384,189
s1385,206
s1386,158
s1387,97
s1388,36
s1389,189
s1390,362
s1391,377
s1392,377
s1393,377
s1394,395
s1395,307
s1396,271
s1397,44
s1398,310
s1399,303
s1400,95
s1401,303
s1402,267
s1403,261
s1404,316
s1405,92
s1406,310
s1407,85
s1408,273
s1409,56
s1410,294
s1411,316
s1412,177
s1413,277
s1414,404
s1415,12
s1416,481
s1417,220
s1418,89
s1419,343
s1420,273
s1421,48
s1422,310
s1423,232
s1424,330
s1425,28
s1426,310
s1427,126
s1428,118
s1429,44
s1430,423
s1431,382
s1432,377
s1433,377
s1434,376
s1435,377
s1436,376
s1437,377
s1438,382
s1439,329
s1440,282
s1441,457
s1442,89
s1443,229
s1444,449
s1445,404
s1446,405
s1447,46
s1448,74
s1449,404
s1450,18
s1451,18
s1452,267
s1453,201
s1454,131
s1455,222
s1456,222
s1457,313
s1458,36
s1459,449
s1460,449
s1461,449
s1462,188
s1463,90
s1464,376
s1465,303
s1466,460
s1467,362
s1468,310
s1469,330
s1470,296
s1471,451
s1472,451
s1473,451
s1474,392
s1475,261
s1476,465
s1477,208
s1478,36
s1479,330
s1480,291
s1481,270
s1482,304
s1483,339
s1484,285
s1485,274
s1486,316
s1487,316
s1488,92
s1489,483
s1490,35
s1491,383
s1492,222
s1493,310
s1494,209
s1495,276
s1496,427
s1497,427
s1498,166
s1499,118
s1500,491
s1501,267
s1502,294
s1503,114
s1504,285
s1505,314
s1506,267
s1507,330
s1508,274
s1509,427
s1510,313
s1511,189
s1512,223
s1513,265
s1514,261
s1515,261
s1516,261
s1517,449
s1518,302
s1519,362
s1520,98
s1521,189
s1522,189
s1523,97
s1524,440
s1525,212
s1526,395
s1527,101
s1528,188
s1529,261
s1530,409
s1531,335
s1532,335
s1533,106
s1534,277
s1535,229
s1536,229
s1537,230
s1538,251
s1539,232
s1540,232
s1541,229
s1542,90
s1543,261
s1544,449
s1545,261
s1546,310
s1547,50
s1548,54
s1549,261
s1550,101
s1551,313
s1552,331
s1553,267
s1554,415
s1555,396
s1556,460
s1557,310
s1558,330
s1559,261
s1560,310
s1561,74
s1562,74
s1563,189
s1564,449
s1565,449
s1566,377
s1567,377
s1568,206
s1569,206
s1570,33
s1571,423
s1572,36
s1573,336
s1574,336
s1575,336
s1576,294
s1577,120
s1578,88
s1579,118
s1580,304
s1581,43
s1582,310
s1583,303
s1584,304
s1585,249
s1586,449
s1587,404
s1588,377
s1589,310
s1590,128
s1591,376
s1592,427
s1593,303
s1594,261
s1595,229
s1596,315
s1597,103
s1598,104
s1599,491
s1600,92
s1601,451
s1602,449
s1603,449
s1604,273
s1605,0
s1606,336
s1607,449
s1608,45
s1609,252
s1610,306
s1611,232
s1612,316
s1613,330
s1614,229
s1615,333
s1616,334
s1617,489
s1618,316
s1619,341
s1620,277
s1621,168
s1622,339
s1623,402
s1624,310
s1625,441
s1626,428
s1627,369
s1628,276
s1629,167
s1630,451
s1631,451
s1632,449
s1633,449
s1634,261
s1635,449
s1636,206
s1637,449
s1638,273
s1639,395
s1640,404
s1641,444
s1642,232
s1643,332
s1644,455
s1645,395
s1646,302
s1647,404
s1648,464
s1649,206
s1650,261
s1651,177
s1652,316
s1653,113
s1654,466
s1655,331
s1656,345
s1657,330
s1658,347
s1659,232
s1660,276
s1661,188
s1662,188
s1663,118
s1664,189
s1665,366
s1666,218
s1667,466
s1668,189
s1669,177
s1670,427
s1671,206
s1672,331
s1673,343
s1674,331
s1675,0
s1676,177
s1677,358
s1678,206
s1679,189
s1680,118
s1681,222
s1682,232
s1683,189
s1684,359
s1685,449
s1686,33
s1687,261
s1688,400
s1689,188
s1690,310
s1691,23
s1692,232
s1693,209
s1694,206
s1695,343
s1696,427
s1697,449
s1698,449
s1699,267
s1700,232
s1701,332
s1702,0
s1703,449
s1704,104
s1705,449
s1706,449
s1707,101
s1708,348
s1709,423
s1710,423
s1711,101
s1712,252
s1713,366
s1714,313
s1715,330
s1716,343
s1717,218
s1718,206
s1719,209
s1720,310
s1721,396
s1722,48
s1723,491
s1724,294
s1725,313
s1726,491
s1727,310
s1728,342
s1729,77
s1730,360
s1731,310
s1732,251
s1733,23
s1734,322
s1735,188
s1736,189
s1737,398
s1738,134
s1739,395
s1740,310
s1741,208
s1742,51
s1743,381
s1744,285
s1745,232
s1746,377
s1747,310
s1748,261
s1749,267
s1750,310
s1751,261
s1752,0
s1753,359
s1754,449
s1755,114
s1756,114
s1757,189
s1758,189
s1759,189
s1760,312
s1761,313
s1762,351
s1763,313
s1764,313
s1765,36
s1766,450
s1767,177
s1768,80
s1769,285
s1770,80
s1771,404
s1772,404
s1773,251
s1774,222
s1775,397
s1776,48
s1777,271
s1778,255
s1779,209
s1780,261
s1781,456
s1782,465
s1783,491
s1784,51
s1785,107
s1786,303
s1787,118
s1788,33
s1789,310
s1790,376
s1791,206
s1792,303
s1793,98
s1794,171
s1795,465
s1796,330
s1797,276
s1798,232
s1799,186
s1800,395
s1801,303
s1802,273
s1803,476
s1804,140
s1805,114
s1806,131
s1807,359
s1808,48
s1809,49
s1810,200
s1811,177
s1812,331
s1813,31
s1814,31
s1815,31
s1816,222
s1817,209
s1818,209
s1819,336
s1820,267
s1821,188
s1822,336
s1823,449
s1824,330
s1825,44
s1826,44
s1827,429
s1828,206
s1829,222
s1830,313
s1831,74
s1832,189
s1833,120
s1834,491
s1835,48
s1836,23
s1837,295
s1838,310
s1839,261
s1840,283
s1841,449
s1842,118
s1843,118
s1844,114
s1845,102
s1846,74
s1847,1
s1848,48
s1849,74
s1850,56
s1851,56
s1852,56
s1853,56
s1854,56
s1855,114
s1856,118
s1857,411
s1858,415
s1859,118
s1860,118
s1861,118
s1862,441
s1863,261
s1864,268
s1865,427
s1866,261
s1867,415
s1868,415
s1869,124
s1870,414
s1871,412
s1872,412
s1873,415
s1874,415
s1875,267
s1876,74
s1877,206
s1878,316
s1879,48
s1880,294
s1881,427
s1882,222
s1883,229
s1884,222
s1885,177
s1886,303
s1887,310
s1888,304
s1889,118
s1890,188
s1891,229
s1892,303
s1893,36
s1894,177
s1895,188
s1896,36
s1897,189
s1898,72
s1899,310
s1900,267
s1901,476
s1902,261
s1903,261
s1904,316
s1905,141
s1906,404
s1907,95
s1908,95
s1909,323
s1910,294
s1911,466
s1912,466
s1913,218
s1914,376
s1915,323
s1916,359
s1917,273
s1918,274
s1919,449
s1920,449
s1921,235
s1922,347
s1923,188
s1924,95
s1925,383
s1926,449
s1927,449
s1928,206
s1929,313
s1930,336
s1931,313
s1932,313
s1933,310
s1934,277
s1935,206
s1936,303
s1937,316
s1938,312
s1939,352
s1940,189
s1941,209
s1942,310
s1943,0
s1944,374
s1945,186
s1946,330
s1947,229
s1948,229
s1949,239
s1950,145
s1951,267
s1952,438
s1953,206
s1954,310
s1955,229
s1956,229
s1957,449
s1958,267
s1959,270
s1960,229
s1961,267
s1962,312
s1963,383
s1964,229
s1965,267
s1966,303
s1967,267
s1968,382
s1969,129
s1970,23
s1971,29
s1972,267
s1973,356
s1974,310
s1975,114
s1976,114
s1977,331
s1978,311
s1979,229
s1980,261
s1981,327
s1982,451
s1983,267
s1984,267
s1985,267
s1986,114
s1987,261
s1988,343
s1989,189
s1990,269
s1991,441
s1992,404
s1993,310
s1994,312
s1995,427
s1996,276
s1997,267
s1998,218
s1999,382
s2000,303
s2001,89
s2002,261
s2003,0
s2004,240
s2005,347
s2006,392
s2007,189
s2008,449
s2009,261
s2010,9
s2011,395
s2012,306
s2013,267
s2014,12
s2015,51
s2016,151
s2017,324
s2018,415
s2019,38
s2020,403
s2021,78
s2022,449
s2023,215
s2024,338
s2025,114
s2026,188
s2027,48
s2028,280
s2029,182
s2030,313
s2031,377
s2032,352
s2033,395
s2034,377
s2035,311
s2036,360
s2037,216
s2038,121
s2039,4
s2040,267
s2041,267
s2042,310
s2043,303
s2044,341
s2045,404
s2046,309
s2047,316
s2048,313
s2049,93
s2050,189
s2051,470
s2052,476
s2053,225
s2054,220
s2055,209
s2056,303
s2057,376
s2058,223
s2059,395
s2060,0
s2061,313
s2062,224
s2063,267
s2064,218
s2065,0
s2066,261
s2067,267
s2068,5
s2069,285
s2070,35
s2071,38
s2072,0
s2073,226
s2074,110
s2075,368
s2076,302
s2077,261
s2078,316
s2079,206
s2080,209
s2081,206
s2082,232
s2083,395
s2084,465
s2085,218
s2086,141
s2087,449
s2088,368
s2089,302
s2090,449
s2091,74
s2092,195
s2093,89
s2094,449
s2095,36
s2096,177
s2097,376
s2098,491
s2099,231
s2100,218
s2101,240
s2102,350
s2103,377
s2104,303
s2105,331
s2106,393
s2107,415
s2108,267
s2109,134
s2110,491
s2111,188
s2112,303
s2113,415
s2114,207
s2115,36
s2116,206
s2117,232
s2118,386
s2119,449
s2120,310
s2121,404
s2122,427
s2123,449
s2124,491
s2125,230
s2126,74
s2127,74
s2128,4
s2129,74
s2130,74
s2131,91
s2132,177
s2133,261
s2134,189
s2135,230
s2136,179
s2137,222
s2138,402
s2139,118
s2140,441
s2141,261
s2142,120
s2143,451
s2144,449
s2145,449
s2146,449
s2147,271
s2148,206
s2149,449
s2150,211
s2151,155
s2152,355
s2153,170
s2154,189
s2155,310
s2156,206
s2157,377
s2158,118
s2159,276
s2160,261
s2161,230
s2162,261
s2163,310
s2164,259
s2165,343
s2166,331
s2167,395
s2168,353
s2169,376
s2170,310
s2171,267
s2172,285
s2173,261
s2174,267
s2175,310
s2176,303
s2177,103
s2178,423
s2179,423
s2180,69
s2181,276
s2182,218
s2183,0
s2184,313
s2185,313
s2186,308
s2187,277
s2188,294
s2189,336
s2190,191
s2191,274
s2192,261
s2193,114
s2194,368
s2195,313
s2196,270
s2197,276
s2198,48
s2199,302
s2200,427
s2201,312
s2202,466
s2203,294
s2204,277
s2205,65
s2206,206
s2207,427
s2208,285
s2209,305
s2210,427
s2211,405
s2212,101
s2213,48
s2214,267
s2215,276
s2216,395
s2217,267
s2218,79
s2219,285
s2220,395
s2221,264
s2222,294
s2223,261
s2224,310
s2225,188
s2226,177
s2227,261
s2228,313
s2229,114
s2230,261
s2231,427
s2232,206
s2233,268
s2234,17
s2235,48
s2236,95
s2237,359
s2238,224
s2239,74
s2240,270
s2241,270
s2242,427
s2243,395
s2244,310
s2245,316
s2246,261
s2247,276
s2248,449
s2249,218
s2250,229
s2251,189
s2252,158
s2253,330
s2254,491
s2255,267
s2256,188
s2257,449
s2258,449
s2259,449
s2260,330
s2261,273
s2262,385
s2263,177
s2264,151
s2265,177
s2266,188
s2267,346
s2268,303
s2269,426
s2270,118
s2271,22
s2272,105
s2273,131
s2274,131
s2275,33
s2276,131
s2277,316
s2278,189
s2279,261
s2280,206
s2281,302
s2282,209
s2283,251
s2284,295
s2285,232
s2286,282
s2287,331
s2288,336
s2289,151
s2290,440
s2291,36
s2292,189
s2293,149
s2294,120
s2295,261
s2296,48
s2297,270
s2298,309
s2299,388
s2300,93
s2301,423
s2302,423
s2303,302
s2304,302
s2305,229
s2306,20
s2307,415
s2308,118
s2309,132
s2310,137
s2311,137
s2312,465
s2313,36
s2314,74
s2315,206
s2316,310
s2317,261
s2318,317
s2319,36
s2320,330
s2321,232
s2322,261
s2323,303
s2324,118
s2325,23
s2326,208
s2327,36
s2328,404
s2329,449
s2330,303
s2331,449
s2332,395
s2333,449
s2334,449
s2335,316
s2336,273
s2337,310
s2338,454
s2339,313
s2340,359
s2341,415
s2342,209
s2343,339
s2344,339
s2345,339
s2346,18
s2347,393
s2348,376
s2349,310
s2350,310
s2351,386
s2352,294
s2353,3
s2354,303
s2355,261
s2356,118
s2357,118
s2358,118
s2359,426
s2360,74
s2361,276
s2362,137
s2363,137
s2364,36
s2365,310
s2366,343
s2367,310
s2368,294
s2369,350
s2370,271
s2371,274
s2372,274
s2373,310
s2374,93
s2375,93
s2376,466
s2377,228
s2378,449
s2379,118
s2380,343
s2381,415
s2382,90
s2383,215
s2384,359
s2385,261
s2386,427
s2387,118
s2388,247
s2389,18
s2390,359
s2391,218
s2392,189
s2393,212
s2394,36
s2395,331
s2396,72
s2397,261
s2398,4
s2399,118
s2400,56
s2401,339
s2402,4
s2403,427
s2404,4
s2405,261
s2406,331
s2407,396
s2408,36
s2409,310
s2410,404
s2411,159
s2412,441
s2413,470
s2414,302
s2415,269
s2416,449
s2417,449
s2418,302
s2419,209
s2420,90
s2421,311
s2422,397
s2423,331
s2424,206
s2425,310
s2426,465
s2427,200
s2428,465
s2429,466
s2430,393
s2431,282
s2432,74
s2433,4
s2434,198
s2435,261
s2436,470
s2437,396
s2438,404
s2439,80
s2440,80
s2441,466
s2442,97
s2443,274
s2444,395
s2445,118
s2446,131
s2447,404
s2448,114
s2449,410
s2450,140
s2451,132
s2452,74
s2453,261
s2454,48
s2455,295
s2456,295
s2457,303
s2458,476
s2459,490
s2460,4
s2461,4
s2462,401
s2463,134
s2464,158
s2465,356
s2466,0
s2467,294
s2468,404
s2469,491
s2470,23
s2471,208
s2472,206
s2473,232
s2474,344
s2475,399
s2476,206
s2477,118
s2478,315
s2479,247
s2480,261
s2481,200
s2482,294
s2483,188
s2484,310
s2485,218
s2486,376
s2487,233
s2488,294
s2489,60
s2490,131
s2491,309
s2492,480
s2493,362
s2494,166
s2495,396
s2496,302
s2497,221
s2498,211
s2499,421
s2500,118
s2501,189
s2502,404
s2503,189
s2504,484
s2505,243
s2506,343
s2507,303
s2508,310
s2509,466
s2510,232
s2511,294
s2512,74
s2513,484
s2514,97
s2515,374
s2516,208
s2517,118
s2518,359
s2519,198
s2520,198
s2521,200
s2522,261
s2523,159
s2524,97
s2525,465
s2526,72
s2527,285
s2528,137
s2529,93
s2530,376
s2531,412
s2532,229
s2533,343
s2534,201
s2535,420
s2536,476
s2537,449
s2538,449
s2539,442
s2540,0
s2541,449
s2542,261
s2543,308
s2544,415
s2545,271
s2546,128
s2547,267
s2548,177
s2549,270
s2550,310
s2551,36
s2552,316
s2553,270
s2554,36
s2555,36
s2556,71
s2557,316
s2558,74
s2559,310
s2560,415
s2561,267
s2562,310
s2563,476
s2564,392
s2565,206
s2566,206
s2567,206
s2568,419
s2569,404
s2570,392
s2571,312
s2572,189
s2573,313
s2574,229
s2575,209
s2576,313
s2577,79
s2578,177
s2579,124
s2580,23
s2581,36
s2582,188
s2583,465
s2584,313
s2585,188
s2586,5
s2587,56
s2588,476
s2589,312
s2590,33
s2591,303
s2592,206
s2593,189
s2594,398
s2595,177
s2596,276
s2597,491
s2598,261
s2599,449
s2600,449
s2601,486
s2602,449
s2603,449
s2604,350
s2605,198
s2606,249
s2607,376
s2608,366
s2609,218
s2610,303
s2611,208
s2612,332
s2613,222
s2614,20
s2615,313
s2616,209
s2617,90
s2618,242
s2619,466
s2620,310
s2621,303
s2622,0
s2623,294
s2624,302
s2625,51
s2626,465
s2627,449
s2628,310
s2629,449
s2630,274
s2631,178
s2632,178
s2633,261
s2634,89
s2635,118
s2636,415
s2637,274
s2638,261
s2639,466
s2640,310
s2641,415
s2642,449
s2643,189
s2644,20
s2645,231
s2646,231
s2647,267
s2648,404
s2649,475
s2650,377
s2651,189
s2652,434
s2653,405
s2654,266
s2655,332
s2656,261
s2657,232
s2658,267
s2659,153
s2660,343
s2661,313
s2662,189
s2663,0
s2664,313
s2665,449
s2666,206
s2667,261
s2668,196
s2669,343
s2670,332
s2671,304
s2672,48
s2673,285
s2674,303
s2675,261
s2676,395
s2677,400
s2678,218
s2679,476
s2680,491
s2681,310
s2682,366
s2683,368
s2684,114
s2685,404
s2686,409
s2687,48
s2688,485
s2689,22
s2690,241
s2691,302
s2692,30
s2693,23
s2694,404
s2695,313
s2696,362
s2697,261
s2698,486
s2699,310
s2700,415
s2701,324
s2702,383
s2703,294
s2704,20
s2705,331
s2706,377
s2707,267
s2708,48
s2709,72
s2710,23
s2711,261
s2712,310
s2713,395
s2714,118
s2715,362
s2716,75
s2717,395
s2718,0
s2719,309
s2720,361
s2721,232
s2722,339
s2723,359
s2724,48
s2725,48
s2726,48
s2727,48
s2728,48
s2729,209
s2730,329
s2731,282
s2732,285
s2733,229
s2734,310
s2735,320
s2736,277
s2737,269
s2738,36
s2739,427
s2740,476
s2741,350
s2742,404
s2743,294
s2744,23
s2745,90
s2746,277
s2747,261
s2748,332
s2749,339
s2750,229
s2751,451
s2752,93
s2753,310
s2754,291
s2755,92
s2756,25
s2757,218
s2758,267
s2759,93
s2760,274
s2761,267
s2762,393
s2763,313
s2764,427
s2765,110
s2766,404
s2767,189
s2768,33
s2769,311
s2770,310
s2771,218
s2772,427
s2773,136
s2774,131
s2775,395
s2776,196
s2777,125
s2778,476
s2779,187
s2780,122
s2781,211
s2782,261
s2783,194
s2784,194
s2785,310
s2786,376
s2787,276
s2788,330
s2789,415
s2790,273
s2791,303
s2792,395
s2793,436
s2794,323
s2795,294
s2796,189
s2797,302
s2798,393
s2799,118
s2800,114
s2801,465
s2802,118
s2803,120
s2804,267
s2805,294
s2806,270
s2807,377
s2808,301
s2809,104
s2810,118
s2811,93
s2812,336
s2813,302
s2814,365
s2815,267
s2816,267
s2817,294
s2818,177
s2819,440
s2820,310
s2821,261
s2822,276
s2823,200
s2824,221
s2825,313
s2826,232
s2827,118
s2828,168
s2829,415
s2830,118
s2831,201
s2832,343
s2833,483
s2834,331
s2835,261
s2836,201
s2837,177
s2838,56
s2839,273
s2840,118
s2841,177
s2842,177
s2843,267
s2844,222
s2845,251
s2846,209
s2847,97
s2848,323
s2849,393
s2850,231
s2851,261
s2852,114
s2853,261
s2854,167
s2855,310
s2856,196
s2857,465
s2858,131
s2859,56
s2860,168
s2861,312
s2862,261
s2863,351
s2864,209
s2865,377
s2866,333
s2867,20
s2868,0
s2869,310
s2870,74
s2871,45
s2872,209
s2873,92
s2874,404
s2875,202
s2876,202
s2877,208
s2878,343
s2879,305
s2880,362
s2881,362
s2882,361
s2883,277
s2884,427
s2885,339
s2886,303
s2887,89
s2888,89
s2889,274
s2890,271
s2891,261
s2892,303
s2893,120
s2894,261
s2895,382
s2896,317
s2897,357
s2898,209
s2899,189
s2900,469
s2901,261
s2902,267
s2903,339
s2904,0
s2905,0
s2906,319
s2907,33
s2908,273
s2909,309
s2910,177
s2911,128
s2912,209
s2913,208
s2914,393
s2915,377
s2916,303
s2917,209
s2918,465
s2919,306
s2920,302
s2921,188
s2922,273
s2923,449
s2924,298
s2925,267
s2926,303
s2927,465
s2928,302
s2929,427
s2930,316
s2931,218
s2932,357
s2933,274
s2934,391
s2935,270
s2936,51
s2937,74
s2938,209
s2939,432
s2940,294
s2941,377
s2942,281
s2943,114
s2944,303
s2945,449
s2946,449
s2947,449
s2948,449
s2949,449
s2950,51
s2951,126
s2952,303
s2953,276
s2954,313
s2955,366
s2956,396
s2957,48
s2958,294
s2959,231
s2960,0
s2961,376
s2962,345
s2963,294
s2964,189
s2965,232
s2966,377
s2967,310
s2968,310
s2969,357
s2970,33
s2971,395
s2972,249
s2973,339
s2974,316
s2975,328
s2976,343
s2977,63
s2978,376
s2979,343
s2980,58
s2981,313
s2982,56
s2983,313
s2984,491
s2985,261
s2986,118
s2987,303
s2988,95
s2989,308
s2990,428
s2991,11
s2992,7
s2993,7
s2994,7
s2995,330
s2996,261
s2997,267
s2998,0
s2999,229
s3000,72
s3001,362
s3002,337
s3003,232
s3004,48
s3005,427
s3006,313
s3007,11
s3008,392
s3009,232
s3010,36
s3011,470
s3012,285
s3013,0
s3014,223
s3015,93
s3016,222
s3017,277
s3018,89
s3019,89
s3020,343
s3021,236
s3022,427
s3023,368
s3024,189
s3025,249
s3026,97
s3027,177
s3028,316
s3029,377
s3030,261
s3031,453
s3032,314
s3033,261
s3034,397
s3035,35
s3036,316
s3037,74
s3038,4
s3039,4
s3040,4
s3041,4
s3042,126
s3043,329
s3044,303
s3045,261
s3046,303
s3047,327
s3048,36
s3049,48
s3050,36
s3051,36
s3052,303
s3053,189
s3054,364
s3055,274
s3056,267
s3057,377
s3058,141
s3059,404
s3060,23
s3061,323
s3062,74
s3063,303
s3064,353
s3065,208
s3066,313
s3067,209
s3068,209
s3069,264
s3070,279
s3071,209
s3072,363
s3073,312
s3074,332
s3075,261
s3076,209
s3077,118
s3078,465
s3079,208
s3080,209
s3081,209
s3082,362
s3083,208
s3084,366
s3085,316
s3086,274
s3087,313
s3088,467
s3089,404
s3090,114
s3091,368
s3092,48
s3093,313
s3094,208
s3095,209
s3096,208
s3097,140
s3098,274
s3099,232
s3100,449
s3101,449
s3102,449
s3103,93
s3104,330
s3105,261
s3106,189
s3107,491
s3108,315
s3109,189
s3110,310
s3111,23
s3112,209
s3113,310
s3114,427
s3115,48
s3116,423
s3117,303
s3118,303
s3119,99
s3120,232
s3121,189
s3122,449
s3123,441
s3124,449
s3125,303
s3126,74
s3127,385
s3128,33
s3129,189
s3130,208
s3131,178
s3132,313
s3133,189
s3134,449
s3135,449
s3136,449
s3137,449
s3138,449
s3139,449
s3140,449
s3141,449
s3142,449
s3143,449
s3144,222
s3145,321
s3146,449
s3147,449
s3148,447
s3149,275
s3150,427
s3151,261
s3152,261
s3153,148
s3154,449
s3155,449
s3156,261
s3157,449
s3158,319
s3159,118
s3160,263
s3161,271
s3162,302
s3163,261
s3164,208
s3165,395
s3166,261
s3167,449
s3168,449
s3169,449
s3170,449
s3171,449
s3172,449
s3173,449
s3174,449
s3175,449
s3176,449
s3177,273
s3178,449
s3179,449
s3180,126
s3181,393
s3182,313
s3183,140
s3184,404
s3185,397
s3186,118
s3187,261
s3188,36
s3189,449
s3190,449
s3191,449
s3192,316
s3193,261
s3194,449
s3195,449
s3196,36
s3197,269
s3198,449
s3199,449
s3200,449
s3201,267
s3202,273
s3203,56
s3204,359
s3205,330
s3206,449
s3207,273
s3208,118
s3209,449
s3210,449
s3211,449
s3212,271
s3213,404
s3214,74
s3215,376
s3216,208
s3217,303
s3218,310
s3219,307
s3220,112
s3221,48
s3222,132
s3223,261
s3224,277
s3225,206
s3226,303
s3227,401
s3228,383
s3229,383
s3230,306
s3231,449
s3232,449
s3233,189
s3234,209
s3235,23
s3236,118
s3237,261
s3238,186
s3239,415
s3240,404
s3241,404
s3242,377
s3243,362
s3244,218
s3245,188
s3246,56
s3247,414
s3248,206
s3249,310
s3250,218
s3251,312
s3252,353
s3253,376
s3254,423
s3255,395
s3256,23
s3257,273
s3258,424
s3259,404
s3260,404
s3261,302
s3262,72
s3263,33
s3264,85
s3265,67
s3266,362
s3267,393
s3268,394
s3269,206
s3270,230
s3271,310
s3272,313
s3273,313
s3274,189
s3275,339
s3276,336
s3277,36
s3278,310
s3279,36
s3280,77
s3281,313
s3282,189
s3283,310
s3284,313
s3285,313
s3286,352
s3287,131
s3288,315
s3289,312
s3290,399
s3291,189
s3292,208
s3293,491
s3294,206
s3295,303
s3296,303
s3297,310
s3298,312
s3299,189
s3300,189
s3301,339
s3302,189
s3303,392
s3304,189
s3305,313
s3306,206
s3307,297
s3308,206
s3309,449
s3310,316
s3311,310
s3312,351
s3313,209
s3314,449
s3315,218
s3316,177
s3317,465
s3318,188
s3319,449
s3320,449
s3321,449
s3322,449
s3323,449
s3324,449
s3325,449
s3326,449
s3327,189
s3328,449
s3329,310
s3330,189
s3331,404
s3332,188
s3333,273
s3334,276
s3335,276
s3336,276
s3337,276
s3338,449
s3339,74
s3340,449
s3341,276
s3342,449
s3343,449
s3344,449
s3345,449
s3346,449
s3347,449
s3348,449
s3349,118
s3350,449
s3351,449
s3352,271
s3353,228
s3354,36
s3355,231
s3356,395
s3357,315
s3358,209
s3359,48
s3360,189
s3361,232
s3362,156
s3363,208
s3364,303
s3365,404
s3366,0
s3367,0
s3368,204
s3369,415
s3370,315
s3371,404
s3372,36
s3373,316
s3374,118
s3375,404
s3376,0
s3377,0
s3378,47
s3379,267
s3380,74
s3381,209
s3382,0
s3383,35
s3384,330
s3385,310
s3386,491
s3387,222
s3388,180
s3389,223
s3390,89
s3391,25
s3392,177
s3393,294
s3394,36
s3395,309
s3396,465
s3397,302
s3398,310
s3399,189
s3400,18
s3401,395
s3402,476
s3403,261
s3404,95
s3405,184
s3406,294
s3407,232
s3408,415
s3409,206
s3410,36
s3411,208
s3412,313
s3413,90
s3414,491
s3415,261
s3416,377
s3417,397
s3418,189
s3419,97
s3420,198
s3421,118
s3422,476
s3423,74
s3424,261
s3425,343
s3426,165
s3427,446
s3428,387
s3429,393
s3430,209
s3431,209
s3432,186
s3433,208
s3434,261
s3435,359
s3436,303
s3437,277
s3438,36
s3439,404
s3440,405
s3441,392
s3442,277
s3443,353
s3444,212
s3445,114
s3446,114
s3447,114
s3448,114
s3449,114
s3450,114
s3451,114
s3452,114
s3453,302
s3454,353
s3455,404
s3456,43
s3457,331
s3458,310
s3459,186
s3460,316
s3461,189
s3462,303
s3463,404
s3464,404
s3465,19
s3466,118
s3467,118
s3468,118
s3469,23
s3470,336
s3471,313
s3472,359
s3473,79
s3474,74
s3475,273
s3476,377
s3477,189
s3478,313
s3479,208
s3480,206
s3481,424
s3482,210
s3483,353
s3484,242
s3485,261
s3486,206
s3487,261
s3488,170
s3489,229
s3490,206
s3491,447
s3492,383
s3493,382
s3494,395
s3495,348
s3496,395
s3497,223
s3498,51
s3499,232
s3500,229
s3501,273
s3502,229
s3503,388
s3504,229
s3505,373
s3506,143
s3507,229
s3508,316
s3509,189
s3510,336
s3511,270
s3512,386
s3513,188
s3514,0
s3515,329
s3516,465
s3517,446
s3518,303
s3519,200
s3520,383
s3521,268
s3522,312
s3523,206
s3524,313
s3525,36
s3526,168
s3527,310
s3528,102
s3529,359
s3530,312
s3531,0
s3532,291
s3533,449
s3534,406
s3535,406
s3536,229
s3537,226
s3538,267
s3539,276
s3540,304
s3541,310
s3542,74
s3543,0
s3544,306
s3545,109
s3546,274
s3547,118
s3548,449
s3549,377
s3550,294
s3551,376
s3552,345
s3553,310
s3554,270
s3555,267
s3556,261
s3557,276
s3558,218
s3559,118
s3560,114
s3561,423
s3562,423
s3563,114
s3564,103
s3565,103
s3566,198
s3567,294
s3568,40
s3569,482
s3570,316
s3571,114
s3572,51
s3573,404
s3574,404
s3575,29
s3576,276
s3577,114
s3578,44
s3579,404
s3580,423
s3581,404
s3582,404
s3583,404
s3584,404
s3585,267
s3586,404
s3587,404
s3588,118
s3589,114
s3590,114
s3591,114
s3592,404
s3593,404
s3594,6
s3595,415
s3596,114
s3597,397
s3598,206
s3599,282
s3600,303
s3601,404
s3602,118
s3603,270
s3604,312
s3605,449
s3606,261
s3607,261
s3608,190
s3609,165
s3610,189
s3611,362
s3612,362
s3613,74
s3614,376
s3615,206
s3616,213
s3617,118
s3618,303
s3619,261
s3620,427
s3621,208
s3622,366
s3623,261
s3624,197
s3625,312
s3626,271
s3627,20
s3628,303
s3629,95
s3630,261
s3631,377
s3632,476
s3633,95
s3634,206
s3635,335
s3636,48
s3637,310
s3638,295
s3639,186
s3640,168
s3641,273
s3642,330
s3643,316
s3644,247
s3645,270
s3646,110
s3647,294
s3648,36
s3649,311
s3650,376
s3651,48
s3652,188
s3653,449
s3654,303
s3655,273
s3656,114
s3657,103
s3658,188
s3659,50
s3660,196
s3661,415
s3662,118
s3663,118
s3664,302
s3665,270
s3666,118
s3667,177
s3668,415
s3669,118
s3670,118
s3671,118
s3672,118
s3673,118
s3674,118
s3675,118
s3676,188
s3677,376
s3678,74
s3679,404
s3680,415
s3681,226
s3682,189
s3683,362
s3684,339
s3685,276
s3686,466
s3687,491
s3688,404
s3689,261
s3690,209
s3691,223
s3692,228
s3693,101
s3694,310
s3695,209
s3696,22
s3697,302
s3698,459
s3699,206
s3700,229
s3701,51
s3702,303
s3703,228
s3704,303
s3705,14
s3706,206
s3707,404
s3708,171
s3709,206
s3710,0
s3711,449
s3712,90
s3713,261
s3714,269
s3715,249
s3716,404
s3717,209
s3718,23
s3719,206
s3720,315
s3721,270
s3722,382
s3723,310
s3724,267
s3725,223
s3726,269
s3727,276
s3728,274
s3729,416
s3730,36
s3731,477
s3732,294
s3733,206
s3734,460
s3735,74
s3736,424
s3737,423
s3738,423
s3739,423
s3740,441
s3741,377
s3742,376
s3743,400
s3744,313
s3745,362
s3746,377
s3747,377
s3748,303
s3749,376
s3750,323
s3751,376
s3752,376
s3753,218
s3754,376
s3755,313
s3756,313
s3757,362
s3758,189
s3759,351
s3760,306
s3761,395
s3762,189
s3763,209
s3764,188
s3765,313
s3766,376
s3767,376
s3768,209
s3769,376
s3770,354
s3771,189
s3772,23
s3773,278
s3774,209
s3775,362
s3776,393
s3777,330
s3778,209
s3779,376
s3780,209
s3781,209
s3782,209
s3783,97
s3784,83
s3785,462
s3786,204
s3787,209
s3788,209
s3789,209
s3790,377
s3791,306
s3792,376
s3793,261
s3794,323
s3795,304
s3796,209
s3797,310
s3798,303
s3799,68
s3800,449
s3801,124
s3802,124
s3803,124
s3804,124
s3805,270
s3806,449
s3807,357
s3808,247
s3809,313
s3810,209
s3811,312
s3812,376
s3813,313
s3814,189
s3815,386
s3816,383
s3817,209
s3818,377
s3819,404
s3820,404
s3821,392
s3822,103
s3823,230
s3824,2
s3825,339
s3826,211
s3827,189
s3828,209
s3829,449
s3830,359
s3831,319
s3832,273
s3833,310
s3834,177
s3835,336
s3836,0
s3837,207
s3838,14
s3839,476
s3840,177
s3841,257
s3842,310
s3843,303
s3844,118
s3845,476
s3846,261
s3847,189
s3848,370
s3849,267
s3850,316
s3851,359
s3852,415
s3853,74
s3854,74
s3855,432
s3856,362
s3857,114
s3858,279
s3859,31
s3860,209
s3861,302
s3862,129
s3863,36
s3864,310
s3865,391
s3866,391
s3867,189
s3868,392
s3869,206
s3870,377
s3871,82
s3872,351
s3873,20
s3874,189
s3875,208
s3876,312
s3877,393
s3878,222
s3879,261
s3880,267
s3881,415
s3882,206
s3883,310
s3884,313
s3885,50
s3886,449
s3887,343
s3888,118
s3889,118
s3890,412
s3891,331
s3892,303
s3893,206
s3894,110
s3895,110
s3896,33
s3897,226
s3898,209
s3899,371
s3900,465
s3901,303
s3902,313
s3903,302
s3904,302
s3905,204
s3906,48
s3907,251
s3908,468
s3909,209
s3910,189
s3911,302
s3912,189
s3913,313
s3914,267
s3915,316
s3916,208
s3917,189
s3918,188
s3919,303
s3920,303
s3921,303
s3922,303
s3923,303
s3924,186
s3925,229
s3926,343
s3927,289
s3928,0
s3929,449
s3930,449
s3931,449
s3932,90
s3933,79
s3934,276
s3935,449
s3936,457
s3937,423
s3938,48
s3939,449
s3940,449
s3941,140
s3942,396
s3943,449
s3944,423
s3945,465
s3946,449
s3947,465
s3948,303
s3949,206
s3950,294
s3951,428
s3952,288
s3953,399
s3954,48
s3955,449
s3956,263
s3957,449
s3958,267
s3959,274
s3960,74
s3961,74
s3962,141
s3963,464
s3964,241
s3965,141
s3966,243
s3967,56
s3968,243
s3969,243
s3970,243
s3971,245
s3972,62
s3973,315
s3974,140
s3975,97
s3976,393
s3977,206
s3978,392
s3979,177
s3980,404
s3981,404
s3982,404
s3983,189
s3984,303
s3985,48
s3986,465
s3987,48
s3988,310
s3989,303
s3990,189
s3991,189
s3992,449
s3993,36
s3994,449
s3995,302
s3996,336
s3997,310
s3998,208
s3999,261
s4000,312
s4001,350
s4002,261
s4003,449
s4004,209
s4005,189
s4006,449
s4007,309
s4008,177
s4009,167
s4010,283
s4011,292
s4012,242
s4013,395
s4014,294
s4015,339
s4016,101
s4017,189
s4018,261
s4019,93
s4020,74
s4021,427
s4022,310
s4023,313
s4024,313
s4025,376
s4026,188
s4027,316
s4028,311
s4029,226
s4030,261
s4031,377
s4032,26
s4033,26
s4034,363
s4035,206
s4036,302
s4037,302
s4038,36
s4039,261
s4040,315
s4041,261
s4042,330
s4043,331
s4044,395
s4045,310
s4046,303
s4047,400
s4048,100
s4049,465
s4050,206
s4051,206
s4052,36
s4053,347
s4054,483
s4055,424
s4056,490
s4057,377
s4058,316
s4059,269
s4060,370
s4061,23
s4062,120
s4063,206
s4064,210
s4065,36
s4066,404
s4067,303
s4068,216
s4069,449
s4070,268
s4071,449
s4072,449
s4073,449
s4074,188
s4075,118
s4076,465
s4077,218
s4078,395
s4079,395
s4080,386
s4081,56
s4082,404
s4083,114
s4084,415
s4085,415
s4086,415
s4087,415
s4088,404
s4089,404
s4090,142
s4091,449
s4092,449
s4093,449
s4094,449
s4095,449
s4096,449
s4097,310
s4098,0
s4099,313
s4100,273
s4101,209
s4102,304
s4103,374
s4104,427
s4105,97
s4106,232
s4107,232
s4108,357
s4109,181
s4110,251
s4111,316
s4112,302
s4113,404
s4114,404
s4115,405
s4116,405
s4117,261
s4118,310
s4119,427
s4120,137
s4121,310
s4122,411
s4123,314
s4124,1
s4125,449
s4126,118
s4127,312
s4128,366
s4129,189
s4130,122
s4131,122
s4132,376
s4133,273
s4134,376
s4135,229
s4136,61
s4137,376
s4138,310
s4139,316
s4140,310
s4141,436
s4142,362
s4143,261
s4144,376
s4145,273
s4146,302
s4147,302
s4148,261
s4149,261
s4150,49
s4151,33
s4152,209
s4153,302
s4154,261
s4155,449
s4156,449
s4157,387
s4158,74
s4159,74
s4160,62
s4161,475
s4162,303
s4163,206
s4164,42
s4165,36
s4166,309
s4167,310
s4168,404
s4169,294
s4170,316
s4171,362
s4172,189
s4173,294
s4174,383
s4175,491
s4176,97
s4177,267
s4178,18
s4179,189
s4180,405
s4181,95
s4182,230
s4183,118
s4184,206
s4185,114
s4186,114
s4187,140
s4188,423
s4189,114
s4190,114
s4191,114
s4192,114
s4193,114
s4194,114
s4195,114
s4196,114
s4197,114
s4198,114
s4199,114
s4200,118
s4201,114
s4202,404
s4203,218
s4204,35
s4205,82
s4206,93
s4207,93
s4208,13
s4209,96
s4210,261
s4211,177
s4212,185
s4213,185
s4214,177
s4215,261
s4216,92
s4217,392
s4218,86
s4219,155
s4220,110
s4221,229
s4222,307
s4223,304
s4224,23
s4225,303
s4226,397
s4227,103
s4228,303
s4229,232
s4230,261
s4231,310
s4232,449
s4233,388
s4234,377
s4235,267
s4236,36
s4237,310
s4238,404
s4239,189
s4240,206
s4241,404
s4242,118
s4243,31
s4244,277
s4245,177
s4246,285
s4247,395
s4248,9
s4249,316
s4250,294
s4251,218
s4252,267
s4253,475
s4254,126
s4255,303
s4256,25
s4257,209
s4258,200
s4259,362
s4260,189
s4261,177
s4262,415
s4263,359
s4264,206
s4265,189
s4266,303
s4267,303
s4268,271
s4269,310
s4270,302
s4271,302
s4272,48
s4273,209
s4274,209
s4275,36
s4276,120
s4277,303
s4278,209
s4279,209
s4280,310
s4281,336
s4282,208
s4283,114
s4284,118
s4285,20
s4286,189
s4287,48
s4288,89
s4289,222
s4290,177
s4291,180
s4292,261
s4293,222
s4294,376
s4295,303
s4296,189
s4297,188
s4298,415
s4299,446
s4300,206
s4301,15
s4302,267
s4303,353
s4304,415
s4305,118
s4306,267
s4307,208
s4308,316
s4309,303
s4310,364
s4311,295
s4312,373
s4313,376
s4314,206
s4315,200
s4316,189
s4317,218
s4318,362
s4319,210
s4320,206
s4321,294
s4322,303
s4323,362
s4324,294
s4325,189
s4326,97
s4327,377
s4328,189
s4329,385
s4330,226
s4331,114
s4332,118
s4333,118
s4334,118
s4335,114
s4336,114
s4337,404
s4338,226
s4339,310
s4340,377
s4341,450
s4342,348
s4343,267
s4344,362
s4345,189
s4346,261
s4347,404
s4348,209
s4349,395
s4350,362
s4351,362
s4352,23
s4353,261
s4354,362
s4355,362
s4356,294
s4357,206
s4358,206
s4359,206
s4360,206
s4361,188
s4362,92
s4363,491
s4364,206
s4365,36
s4366,267
s4367,323
s4368,209
s4369,206
s4370,279
s4371,473
s4372,473
s4373,188
s4374,365
s4375,330
s4376,396
s4377,336
s4378,393
s4379,92
s4380,310
s4381,48
s4382,36
s4383,221
s4384,97
s4385,267
s4386,83
s4387,427
s4388,368
s4389,368
s4390,427
s4391,370
s4392,370
s4393,331
s4394,218
s4395,261
s4396,23
s4397,189
s4398,302
s4399,337
s4400,190
s4401,192
s4402,243
s4403,243
s4404,222
s4405,74
s4406,4
s4407,4
s4408,4
s4409,4
s4410,4
s4411,4
s4412,4
s4413,4
s4414,313
s4415,269
s4416,449
s4417,449
s4418,177
s4419,423
s4420,449
s4421,303
s4422,261
s4423,22
s4424,261
s4425,6
s4426,310
s4427,177
s4428,302
s4429,285
s4430,285
s4431,261
s4432,95
s4433,95
s4434,95
s4435,95
s4436,208
s4437,165
s4438,276
s4439,251
s4440,23
s4441,449
s4442,359
s4443,36
s4444,313
s4445,474
s4446,74
s4447,310
s4448,206
s4449,465
s4450,470
s4451,295
s4452,440
s4453,310
s4454,118
s4455,306
s4456,261
s4457,56
s4458,189
s4459,126
s4460,427
s4461,36
s4462,229
s4463,302
s4464,302
s4465,309
s4466,209
s4467,285
s4468,423
s4469,222
s4470,309
s4471,485
s4472,366
s4473,97
s4474,323
s4475,449
s4476,313
s4477,310
s4478,0
s4479,80
s4480,415
s4481,1
s4482,223
s4483,206
s4484,189
s4485,273
s4486,206
s4487,189
s4488,74
s4489,5
s4490,416
s4491,189
s4492,310
s4493,310
s4494,313
s4495,218
s4496,370
s4497,441
s4498,399
s4499,303
s4500,303
s4501,336
s4502,261
s4503,393
s4504,330
s4505,404
s4506,451
s4507,449
s4508,114
s4509,114
s4510,118
s4511,261
s4512,392
s4513,109
s4514,476
s4515,261
s4516,310
s4517,262
s4518,189
s4519,297
s4520,297
s4521,128
s4522,261
s4523,261
s4524,261
s4525,261
s4526,261
s4527,261
s4528,261
s4529,261
s4530,261
s4531,261
s4532,261
s4533,261
s4534,261
s4535,261
s4536,261
s4537,261
s4538,261
s4539,261
s4540,423
s4541,223
s4542,330
s4543,294
s4544,273
s4545,294
s4546,230
s4547,232
s4548,280
s4549,404
s4550,267
s4551,269
s4552,71
s4553,466
s4554,89
s4555,303
s4556,303
s4557,310
s4558,377
s4559,269
s4560,188
s4561,267
s4562,56
s4563,399
s4564,13
s4565,18
s4566,18
s4567,232
s4568,458
s4569,103
s4570,114
s4571,114
s4572,415
s4573,423
s4574,423
s4575,206
s4576,450
s4577,206
s4578,359
s4579,376
s4580,0
s4581,23
s4582,466
s4583,415
s4584,23
s4585,362
s4586,198
s4587,198
s4588,198
s4589,189
s4590,414
s4591,415
s4592,449
s4593,206
s4594,208
s4595,208
s4596,208
s4597,392
s4598,209
s4599,20
s4600,62
s4601,261
s4602,395
s4603,267
s4604,393
s4605,276
s4606,404
s4607,303
s4608,0
s4609,189
s4610,206
s4611,209
s4612,398
s4613,313
s4614,397
s4615,441
s4616,310
s4617,395
s4618,48
s4619,263
s4620,310
s4621,23
s4622,303
s4623,273
s4624,273
s4625,273
s4626,273
s4627,273
s4628,273
s4629,273
s4630,273
s4631,377
s4632,394
s4633,310
s4634,312
s4635,312
s4636,16
s4637,20
s4638,189
s4639,313
s4640,465
s4641,310
s4642,310
s4643,273
s4644,269
s4645,274
s4646,177
s4647,294
s4648,261
s4649,362
s4650,313
s4651,312
s4652,261
s4653,475
s4654,70
s4655,362
s4656,285
s4657,269
s4658,72
s4659,313
s4660,306
s4661,260
s4662,491
s4663,267
s4664,118
s4665,203
s4666,48
s4667,125
s4668,36
s4669,107
s4670,48
s4671,261
s4672,104
s4673,362
s4674,48
s4675,188
s4676,48
s4677,261
s4678,466
s4679,314
s4680,232
s4681,303
s4682,186
s4683,23
s4684,276
s4685,189
s4686,404
s4687,397
s4688,188
s4689,177
s4690,303
s4691,316
s4692,310
s4693,267
s4694,343
s4695,188
s4696,189
s4697,285
s4698,261
s4699,189
s4700,323
s4701,83
s4702,168
s4703,261
s4704,267
s4705,427
s4706,461
s4707,439
s4708,33
s4709,0
s4710,302
s4711,0
s4712,376
s4713,140
s4714,206
s4715,23
s4716,189
s4717,252
s4718,336
s4719,201
s4720,415
s4721,323
s4722,36
s4723,415
s4724,310
s4725,395
s4726,103
s4727,229
s4728,267
s4729,415
s4730,423
s4731,114
s4732,246
s4733,267
s4734,313
s4735,377
s4736,188
s4737,336
s4738,303
s4739,313
s4740,189
s4741,48
s4742,33
s4743,294
s4744,310
s4745,404
s4746,370
s4747,310
s4748,270
s4749,313
s4750,314
s4751,285
s4752,36
s4753,316
s4754,491
s4755,313
s4756,267
s4757,118
s4758,189
s4759,306
s4760,404
s4761,382
s4762,36
s4763,303
s4764,465
s4765,302
s4766,90
s4767,396
s4768,343
s4769,339
s4770,276
s4771,118
s4772,77
s4773,269
s4774,313
s4775,303
s4776,336
s4777,162
s4778,303
s4779,449
s4780,465
s4781,310
s4782,177
s4783,365
s4784,177
s4785,374
s4786,36
s4787,0
s4788,368
s4789,404
s4790,315
s4791,261
s4792,267
s4793,177
s4794,451
s4795,0
s4796,209
s4797,449
s4798,451
s4799,449
s4800,18
s4801,93
s4802,310
s4803,427
s4804,201
s4805,206
s4806,188
s4807,90
s4808,395
s4809,270
s4810,198
s4811,119
s4812,147
s4813,423
s4814,188
s4815,189
s4816,206
s4817,310
s4818,303
s4819,189
s4820,125
s4821,118
s4822,477
s4823,110
s4824,317
s4825,0
s4826,267
s4827,316
s4828,261
s4829,491
s4830,232
s4831,261
s4832,243
s4833,366
s4834,316
s4835,449
s4836,261
s4837,118
s4838,118
s4839,20
s6621,188
s4840,20
s4841,118
s4842,316
s4843,48
s4844,36
s4845,169
s4846,189
s4847,206
s4848,353
s4849,336
s4850,209
s4851,189
s4852,303
s4853,128
s4854,303
s4855,294
s4856,309
s4857,436
s4858,303
s4859,391
s4860,303
s4861,395
s4862,18
s4863,310
s4864,114
s4865,415
s4866,303
s4867,490
s4868,490
s4869,312
s4870,339
s4871,310
s4872,404
s4873,189
s4874,303
s4875,126
s4876,95
s4877,93
s4878,56
s4879,310
s4880,15
s4881,48
s4882,219
s4883,294
s4884,267
s4885,374
s4886,350
s4887,316
s4888,409
s4889,423
s4890,423
s4891,423
s4892,423
s4893,423
s4894,423
s4895,0
s4896,81
s4897,62
s4898,62
s4899,80
s4900,80
s4901,62
s4902,48
s4903,331
s4904,404
s4905,419
s4906,208
s4907,74
s4908,313
s4909,264
s4910,8
s4911,404
s4912,405
s4913,465
s4914,306
s4915,476
s4916,33
s4917,313
s4918,189
s4919,226
s4920,304
s4921,206
s4922,189
s4923,200
s4924,232
s4925,405
s4926,310
s4927,404
s4928,404
s4929,404
s4930,404
s4931,404
s4932,404
s4933,404
s4934,404
s4935,404
s4936,404
s4937,404
s4938,404
s4939,404
s4940,404
s4941,404
s4942,404
s4943,423
s4944,114
s4945,423
s4946,404
s4947,423
s4948,404
s4949,141
s4950,423
s4951,404
s4952,404
s4953,404
s4954,404
s4955,404
s4956,114
s4957,114
s4958,303
s4959,36
s4960,433
s4961,165
s4962,36
s4963,353
s4964,261
s4965,366
s4966,276
s4967,491
s4968,377
s4969,208
s4970,330
s4971,313
s4972,209
s4973,415
s4974,415
s4975,118
s4976,304
s4977,261
s4978,365
s4979,188
s4980,232
s4981,466
s4982,189
s4983,218
s4984,222
s4985,303
s4986,404
s4987,303
s4988,0
s4989,400
s4990,331
s4991,261
s4992,446
s4993,382
s4994,339
s4995,23
s4996,405
s4997,74
s4998,229
s4999,177
s5000,404
s5001,36
s5002,36
s5003,163
s5004,310
s5005,415
s5006,118
s5007,118
s5008,124
s5009,118
s5010,359
s5011,0
s5012,118
s5013,118
s5014,379
s5015,189
s5016,189
s5017,209
s5018,377
s5019,312
s5020,274
s5021,209
s5022,276
s5023,310
s5024,395
s5025,313
s5026,424
s5027,374
s5028,251
s5029,0
s5030,188
s5031,189
s5032,376
s5033,294
s5034,243
s5035,388
s5036,386
s5037,451
s5038,427
s5039,368
s5040,303
s5041,232
s5042,329
s5043,0
s5044,273
s5045,404
s5046,20
s5047,118
s5048,316
s5049,316
s5050,377
s5051,415
s5052,303
s5053,49
s5054,49
s5055,114
s5056,302
s5057,270
s5058,118
s5059,310
s5060,302
s5061,36
s5062,449
s5063,449
s5064,172
s5065,336
s5066,336
s5067,388
s5068,310
s5069,261
s5070,23
s5071,166
s5072,314
s5073,404
s5074,188
s5075,413
s5076,137
s5077,306
s5078,313
s5079,316
s5080,277
s5081,189
s5082,188
s5083,231
s5084,333
s5085,118
s5086,449
s5087,449
s5088,263
s5089,312
s5090,168
s5091,359
s5092,395
s5093,310
s5094,189
s5095,48
s5096,43
s5097,339
s5098,310
s5099,118
s5100,36
s5101,312
s5102,276
s5103,477
s5104,269
s5105,261
s5106,335
s5107,336
s5108,449
s5109,189
s5110,377
s5111,397
s5112,369
s5113,310
s5114,209
s5115,209
s5116,261
s5117,261
s5118,465
s5119,57
s5120,377
s5121,401
s5122,326
s5123,166
s5124,374
s5125,395
s5126,330
s5127,404
s5128,294
s5129,251
s5130,70
s5131,377
s5132,261
s5133,251
s5134,331
s5135,27
s5136,310
s5137,267
s5138,456
s5139,36
s5140,376
s5141,261
s5142,36
s5143,426
s5144,93
s5145,277
s5146,313
s5147,476
s5148,273
s5149,273
s5150,273
s5151,273
s5152,273
s5153,273
s5154,273
s5155,273
s5156,273
s5157,23
s5158,33
s5159,323
s5160,327
s5161,303
s5162,362
s5163,362
s5164,362
s5165,247
s5166,102
s5167,44
s5168,273
s5169,302
s5170,368
s5171,261
s5172,200
s5173,274
s5174,388
s5175,310
s5176,90
s5177,310
s5178,23
s5179,310
s5180,232
s5181,35
s5182,336
s5183,48
s5184,261
s5185,74
s5186,56
s5187,103
s5188,362
s5189,323
s5190,303
s5191,404
s5192,404
s5193,449
s5194,427
s5195,370
s5196,449
s5197,449
s5198,449
s5199,449
s5200,209
s5201,449
s5202,415
s5203,449
s5204,133
s5205,277
s5206,132
s5207,188
s5208,330
s5209,74
s5210,47
s5211,404
s5212,310
s5213,0
s5214,137
s5215,310
s5216,91
s5217,276
s5218,336
s5219,310
s5220,376
s5221,310
s5222,270
s5223,393
s5224,303
s5225,270
s5226,310
s5227,251
s5228,261
s5229,48
s5230,267
s5231,303
s5232,310
s5233,177
s5234,449
s5235,267
s5236,46
s5237,405
s5238,405
s5239,70
s5240,103
s5241,267
s5242,134
s5243,312
s5244,123
s5245,15
s5246,48
s5247,329
s5248,329
s5249,329
s5250,329
s5251,449
s5252,294
s5253,56
s5254,316
s5255,0
s5256,0
s5257,310
s5258,261
s5259,274
s5260,261
s5261,273
s5262,303
s5263,276
s5264,313
s5265,362
s5266,209
s5267,209
s5268,316
s5269,24
s5270,333
s5271,449
s5272,261
s5273,449
s5274,362
s5275,302
s5276,223
s5277,200
s5278,139
s5279,379
s5280,267
s5281,269
s5282,136
s5283,449
s5284,229
s5285,189
s5286,174
s5287,152
s5288,285
s5289,294
s5290,23
s5291,294
s5292,466
s5293,374
s5294,310
s5295,226
s5296,118
s5297,303
s5298,45
s5299,23
s5300,218
s5301,49
s5302,376
s5303,218
s5304,323
s5305,415
s5306,491
s5307,209
s5308,74
s5309,273
s5310,449
s5311,449
s5312,127
s5313,290
s5314,449
s5315,449
s5316,466
s5317,491
s5318,368
s5319,310
s5320,449
s5321,267
s5322,48
s5323,0
s5324,209
s5325,189
s5326,48
s5327,303
s5328,303
s5329,303
s5330,415
s5331,336
s5332,232
s5333,267
s5334,267
s5335,313
s5336,220
s5337,313
s5338,377
s5339,267
s5340,90
s5341,204
s5342,114
s5343,310
s5344,313
s5345,70
s5346,74
s5347,313
s5348,353
s5349,312
s5350,232
s5351,49
s5352,15
s5353,261
s5354,310
s5355,276
s5356,415
s5357,449
s5358,449
s5359,449
s5360,449
s5361,261
s5362,310
s5363,392
s5364,310
s5365,295
s5366,206
s5367,415
s5368,273
s5369,34
s5370,114
s5371,395
s5372,165
s5373,189
s5374,35
s5375,303
s5376,177
s5377,168
s5378,310
s5379,223
s5380,206
s5381,471
s5382,118
s5383,125
s5384,423
s5385,114
s5386,48
s5387,209
s5388,316
s5389,177
s5390,449
s5391,310
s5392,310
s5393,208
s5394,23
s5395,310
s5396,36
s5397,312
s5398,312
s5399,310
s5400,189
s5401,297
s5402,273
s5403,277
s5404,312
s5405,114
s5406,179
s5407,395
s5408,317
s5409,312
s5410,261
s5411,45
s5412,209
s5413,366
s5414,427
s5415,449
s5416,261
s5417,186
s5418,294
s5419,336
s5420,428
s5421,188
s5422,206
s5423,114
s5424,232
s5425,249
s5426,157
s5427,433
s5428,206
s5429,196
s5430,196
s5431,166
s5432,465
s5433,186
s5434,189
s5435,206
s5436,451
s5437,387
s5438,114
s5439,415
s5440,56
s5441,19
s5442,253
s5443,331
s5444,331
s5445,274
s5446,206
s5447,229
s5448,0
s5449,177
s5450,117
s5451,269
s5452,56
s5453,449
s5454,449
s5455,449
s5456,449
s5457,362
s5458,312
s5459,362
s5460,397
s5461,330
s5462,491
s5463,376
s5464,377
s5465,312
s5466,374
s5467,198
s5468,267
s5469,267
s5470,93
s5471,267
s5472,267
s5473,267
s5474,261
s5475,261
s5476,261
s5477,261
s5478,267
s5479,267
s5480,0
s5481,377
s5482,328
s5483,261
s5484,20
s5485,71
s5486,400
s5487,476
s5488,476
s5489,446
s5490,427
s5491,310
s5492,206
s5493,270
s5494,251
s5495,465
s5496,189
s5497,330
s5498,303
s5499,302
s5500,89
s5501,189
s5502,209
s5503,392
s5504,218
s5505,310
s5506,0
s5507,449
s5508,449
s5509,303
s5510,208
s5511,313
s5512,313
s5513,313
s5514,404
s5515,331
s5516,323
s5517,249
s5518,189
s5519,189
s5520,56
s5521,192
s5522,192
s5523,313
s5524,177
s5525,101
s5526,285
s5527,189
s5528,177
s5529,377
s5530,294
s5531,303
s5532,313
s5533,36
s5534,223
s5535,206
s5536,35
s5537,476
s5538,316
s5539,466
s5540,303
s5541,313
s5542,208
s5543,310
s5544,331
s5545,330
s5546,104
s5547,104
s5548,118
s5549,310
s5550,273
s5551,424
s5552,232
s5553,261
s5554,206
s5555,414
s5556,313
s5557,441
s5558,218
s5559,313
s5560,274
s5561,343
s5562,310
s5563,90
s5564,18
s5565,312
s5566,209
s5567,309
s5568,290
s5569,303
s5570,261
s5571,36
s5572,303
s5573,243
s5574,36
s5575,404
s5576,423
s5577,423
s5578,423
s5579,188
s5580,310
s5581,302
s5582,20
s5583,118
s5584,330
s5585,427
s5586,273
s5587,392
s5588,124
s5589,395
s5590,313
s5591,316
s5592,336
s5593,310
s5594,310
s5595,312
s5596,206
s5597,316
s5598,101
s5599,404
s5600,303
s5601,218
s5602,316
s5603,226
s5604,232
s5605,45
s5606,141
s5607,331
s5608,261
s5609,188
s5610,437
s5611,188
s5612,230
s5613,404
s5614,449
s5615,309
s5616,449
s5617,359
s5618,383
s5619,383
s5620,276
s5621,188
s5622,427
s5623,368
s5624,370
s5625,189
s5626,368
s5627,36
s5628,36
s5629,209
s5630,377
s5631,428
s5632,377
s5633,38
s5634,331
s5635,336
s5636,232
s5637,331
s5638,78
s5639,294
s5640,192
s5641,475
s5642,206
s5643,393
s5644,131
s5645,490
s5646,267
s5647,427
s5648,0
s5649,427
s5650,427
s5651,310
s5652,18
s5653,261
s5654,48
s5655,269
s5656,274
s5657,415
s5658,56
s5659,232
s5660,189
s5661,486
s5662,188
s5663,232
s5664,232
s5665,403
s5666,232
s5667,218
s5668,302
s5669,491
s5670,427
s5671,310
s5672,36
s5673,330
s5674,26
s5675,491
s5676,188
s5677,274
s5678,316
s5679,230
s5680,177
s5681,465
s5682,33
s5683,118
s5684,330
s5685,29
s5686,208
s5687,209
s5688,261
s5689,466
s5690,310
s5691,449
s5692,449
s5693,404
s5694,313
s5695,4
s5696,189
s5697,303
s5698,201
s5699,11
s5700,11
s5701,51
s5702,415
s5703,323
s5704,282
s5705,218
s5706,229
s5707,377
s5708,201
s5709,362
s5710,218
s5711,310
s5712,251
s5713,376
s5714,449
s5715,449
s5716,35
s5717,316
s5718,276
s5719,303
s5720,80
s5721,274
s5722,395
s5723,315
s5724,310
s5725,377
s5726,74
s5727,336
s5728,299
s5729,332
s5730,442
s5731,261
s5732,427
s5733,38
s5734,465
s5735,406
s5736,404
s5737,209
s5738,362
s5739,319
s5740,315
s5741,232
s5742,457
s5743,465
s5744,316
s5745,177
s5746,56
s5747,401
s5748,188
s5749,274
s5750,128
s5751,18
s5752,325
s5753,377
s5754,56
s5755,18
s5756,476
s5757,404
s5758,114
s5759,404
s5760,114
s5761,404
s5762,385
s5763,261
s5764,200
s5765,404
s5766,331
s5767,114
s5768,114
s5769,232
s5770,302
s5771,179
s5772,424
s5773,315
s5774,118
s5775,118
s5776,118
s5777,118
s5778,404
s5779,23
s5780,48
s5781,332
s5782,491
s5783,451
s5784,0
s5785,261
s5786,150
s5787,464
s5788,150
s5789,464
s5790,464
s5791,11
s5792,443
s5793,404
s5794,114
s5795,50
s5796,150
s5797,303
s5798,261
s5799,18
s5800,376
s5801,313
s5802,395
s5803,393
s5804,427
s5805,393
s5806,261
s5807,267
s5808,114
s5809,36
s5810,177
s5811,206
s5812,177
s5813,331
s5814,359
s5815,294
s5816,449
s5817,310
s5818,336
s5819,88
s5820,177
s5821,261
s5822,404
s5823,229
s5824,405
s5825,343
s5826,270
s5827,368
s5828,395
s5829,209
s5830,404
s5831,202
s5832,330
s5833,294
s5834,302
s5835,226
s5836,218
s5837,485
s5838,367
s5839,404
s5840,313
s5841,197
s5842,310
s5843,276
s5844,289
s5845,404
s5846,114
s5847,160
s5848,268
s5849,155
s5850,186
s5851,427
s5852,226
s5853,261
s5854,36
s5855,377
s5856,277
s5857,261
s5858,118
s5859,118
s5860,189
s5861,261
s5862,122
s5863,97
s5864,68
s5865,427
s5866,33
s5867,316
s5868,232
s5869,208
s5870,189
s5871,377
s5872,310
s5873,114
s5874,427
s5875,427
s5876,359
s5877,313
s5878,365
s5879,192
s5880,315
s5881,377
s5882,188
s5883,303
s5884,93
s5885,267
s5886,104
s5887,303
s5888,404
s5889,114
s5890,309
s5891,189
s5892,392
s5893,404
s5894,114
s5895,114
s5896,114
s5897,404
s5898,404
s5899,114
s5900,114
s5901,114
s5902,114
s5903,114
s5904,114
s5905,189
s5906,405
s5907,178
s5908,15
s5909,464
s5910,23
s5911,56
s5912,427
s5913,149
s5914,95
s5915,177
s5916,189
s5917,310
s5918,313
s5919,127
s5920,297
s5921,297
s5922,282
s5923,229
s5924,222
s5925,222
s5926,261
s5927,427
s5928,261
s5929,271
s5930,261
s5931,336
s5932,359
s5933,310
s5934,303
s5935,395
s5936,206
s5937,206
s5938,300
s5939,442
s5940,309
s5941,342
s5942,177
s5943,188
s5944,397
s5945,74
s5946,74
s5947,36
s5948,48
s5949,0
s5950,74
s5951,316
s5952,404
s5953,303
s5954,312
s5955,310
s5956,397
s5957,278
s5958,310
s5959,376
s5960,200
s5961,218
s5962,393
s5963,177
s5964,270
s5965,261
s5966,245
s5967,0
s5968,395
s5969,316
s5970,313
s5971,279
s5972,258
s5973,476
s5974,476
s5975,415
s5976,125
s5977,302
s5978,50
s5979,313
s5980,310
s5981,377
s5982,168
s5983,189
s5984,303
s5985,209
s5986,198
s5987,359
s5988,34
s5989,114
s5990,114
s5991,206
s5992,36
s5993,446
s5994,310
s5995,173
s5996,395
s5997,424
s5998,449
s5999,405
s6000,114
s6001,316
s6002,261
s6003,274
s6004,415
s6005,33
s6006,75
s6007,134
s6008,23
s6009,303
s6010,427
s6011,316
s6012,247
s6013,304
s6014,118
s6015,118
s6016,18
s6017,208
s6018,261
s6019,114
s6020,332
s6021,310
s6022,303
s6023,209
s6024,374
s6025,330
s6026,56
s6027,56
s6028,267
s6029,368
s6030,368
s6031,368
s6032,368
s6033,335
s6034,223
s6035,209
s6036,49
s6037,415
s6038,49
s6039,490
s6040,310
s6041,310
s6042,359
s6043,209
s6044,465
s6045,313
s6046,362
s6047,395
s6048,460
s6049,206
s6050,36
s6051,276
s6052,274
s6053,0
s6054,336
s6055,336
s6056,223
s6057,478
s6058,36
s6059,359
s6060,102
s6061,23
s6062,267
s6063,330
s6064,395
s6065,114
s6066,415
s6067,415
s6068,114
s6069,404
s6070,114
s6071,314
s6072,189
s6073,215
s6074,36
s6075,223
s6076,23
s6077,427
s6078,427
s6079,209
s6080,261
s6081,192
s6082,331
s6083,151
s6084,316
s6085,118
s6086,261
s6087,189
s6088,368
s6089,189
s6090,303
s6091,118
s6092,310
s6093,310
s6094,22
s6095,0
s6096,188
s6097,252
s6098,0
s6099,335
s6100,189
s6101,261
s6102,419
s6103,196
s6104,196
s6105,428
s6106,428
s6107,294
s6108,309
s6109,177
s6110,261
s6111,186
s6112,294
s6113,198
s6114,48
s6115,383
s6116,343
s6117,274
s6118,165
s6119,206
s6120,48
s6121,48
s6122,395
s6123,267
s6124,267
s6125,279
s6126,449
s6127,95
s6128,107
s6129,97
s6130,97
s6131,415
s6132,261
s6133,339
s6134,267
s6135,267
s6136,36
s6137,273
s6138,310
s6139,331
s6140,335
s6141,252
s6142,168
s6143,329
s6144,261
s6145,303
s6146,310
s6147,302
s6148,339
s6149,93
s6150,133
s6151,359
s6152,302
s6153,261
s6154,92
s6155,395
s6156,56
s6157,201
s6158,476
s6159,415
s6160,118
s6161,313
s6162,427
s6163,25
s6164,446
s6165,335
s6166,303
s6167,118
s6168,133
s6169,317
s6170,271
s6171,45
s6172,330
s6173,308
s6174,134
s6175,232
s6176,451
s6177,192
s6178,201
s6179,312
s6180,362
s6181,313
s6182,339
s6183,189
s6184,56
s6185,186
s6186,206
s6187,36
s6188,303
s6189,276
s6190,313
s6191,343
s6192,347
s6193,261
s6194,432
s6195,303
s6196,359
s6197,368
s6198,330
s6199,257
s6200,44
s6201,274
s6202,295
s6203,368
s6204,404
s6205,36
s6206,316
s6207,232
s6208,427
s6209,376
s6210,343
s6211,427
s6212,276
s6213,368
s6214,312
s6215,316
s6216,397
s6217,303
s6218,295
s6219,118
s6220,118
s6221,118
s6222,166
s6223,427
s6224,368
s6225,368
s6226,188
s6227,261
s6228,20
s6229,56
s6230,229
s6231,93
s6232,316
s6233,451
s6234,316
s6235,302
s6236,218
s6237,177
s6238,222
s6239,222
s6240,188
s6241,395
s6242,314
s6243,343
s6244,212
s6245,377
s6246,343
s6247,365
s6248,261
s6249,277
s6250,48
s6251,232
s6252,310
s6253,118
s6254,30
s6255,102
s6256,182
s6257,175
s6258,267
s6259,277
s6260,472
s6261,285
s6262,177
s6263,491
s6264,310
s6265,313
s6266,311
s6267,114
s6268,460
s6269,310
s6270,46
s6271,343
s6272,294
s6273,274
s6274,223
s6275,415
s6276,336
s6277,395
s6278,48
s6279,271
s6280,310
s6281,188
s6282,0
s6283,0
s6284,48
s6285,404
s6286,232
s6287,451
s6288,359
s6289,330
s6290,310
s6291,343
s6292,330
s6293,266
s6294,343
s6295,70
s6296,222
s6297,378
s6298,261
s6299,310
s6300,342
s6301,191
s6302,222
s6303,186
s6304,79
s6305,74
s6306,306
s6307,189
s6308,18
s6309,336
s6310,336
s6311,414
s6312,377
s6313,395
s6314,310
s6315,491
s6316,316
s6317,392
s6318,101
s6319,294
s6320,18
s6321,18
s6322,230
s6323,395
s6324,267
s6325,186
s6326,310
s6327,276
s6328,310
s6329,23
s6330,4
s6331,101
s6332,302
s6333,346
s6334,303
s6335,102
s6336,415
s6337,412
s6338,164
s6339,323
s6340,418
s6341,332
s6342,177
s6343,18
s6344,395
s6345,91
s6346,267
s6347,202
s6348,377
s6349,329
s6350,339
s6351,331
s6352,427
s6353,310
s6354,302
s6355,206
s6356,177
s6357,91
s6358,29
s6359,465
s6360,244
s6361,118
s6362,125
s6363,302
s6364,36
s6365,56
s6366,261
s6367,48
s6368,332
s6369,316
s6370,232
s6371,331
s6372,188
s6373,476
s6374,294
s6375,90
s6376,274
s6377,232
s6378,330
s6379,188
s6380,103
s6381,359
s6382,279
s6383,441
s6384,274
s6385,65
s6386,415
s6387,189
s6388,274
s6389,476
s6390,206
s6391,397
s6392,309
s6393,310
s6394,397
s6395,353
s6396,303
s6397,330
s6398,395
s6399,277
s6400,333
s6401,229
s6402,192
s6403,247
s6404,232
s6405,309
s6406,465
s6407,177
s6408,427
s6409,295
s6410,295
s6411,295
s6412,295
s6413,395
s6414,36
s6415,36
s6416,107
s6417,107
s6418,107
s6419,107
s6420,14
s6421,261
s6422,229
s6423,20
s6424,33
s6425,90
s6426,18
s6427,332
s6428,118
s6429,323
s6430,401
s6431,465
s6432,190
s6433,18
s6434,0
s6435,60
s6436,490
s6437,316
s6438,331
s6439,417
s6440,477
s6441,477
s6442,343
s6443,132
s6444,416
s6445,189
s6446,218
s6447,261
s6448,294
s6449,331
s6450,310
s6451,302
s6452,294
s6453,22
s6454,393
s6455,323
s6456,276
s6457,421
s6458,0
s6459,450
s6460,194
s6461,361
s6462,451
s6463,376
s6464,339
s6465,382
s6466,423
s6467,261
s6468,368
s6469,313
s6470,269
s6471,56
s6472,302
s6473,186
s6474,95
s6475,0
s6476,274
s6477,460
s6478,76
s6479,465
s6480,56
s6481,294
s6482,395
s6483,415
s6484,110
s6485,357
s6486,204
s6487,114
s6488,118
s6489,231
s6490,131
s6491,336
s6492,186
s6493,229
s6494,222
s6495,222
s6496,98
s6497,316
s6498,310
s6499,315
s6500,256
s6501,189
s6502,218
s6503,89
s6504,359
s6505,359
s6506,335
s6507,222
s6508,294
s6509,261
s6510,310
s6511,79
s6512,316
s6513,86
s6514,261
s6515,267
s6516,280
s6517,192
s6518,451
s6519,294
s6520,232
s6521,404
s6522,310
s6523,362
s6524,131
s6525,225
s6526,330
s6527,48
s6528,309
s6529,302
s6530,427
s6531,294
s6532,226
s6533,388
s6534,310
s6535,384
s6536,218
s6537,218
s6538,313
s6539,125
s6540,466
s6541,442
s6542,366
s6543,324
s6544,138
s6545,168
s6546,303
s6547,394
s6548,188
s6549,267
s6550,118
s6551,11
s6552,303
s6553,18
s6554,292
s6555,276
s6556,35
s6557,166
s6558,335
s6559,294
s6560,206
s6561,310
s6562,415
s6563,100
s6564,186
s6565,261
s6566,465
s6567,392
s6568,261
s6569,48
s6570,267
s6571,218
s6572,330
s6573,329
s6574,393
s6575,177
s6576,186
s6577,209
s6578,280
s6579,20
s6580,359
s6581,261
s6582,310
s6583,388
s6584,261
s6585,414
s6586,189
s6587,377
s6588,393
s6589,100
s6590,310
s6591,232
s6592,362
s6593,457
s6594,226
s6595,310
s6596,303
s6597,313
s6598,313
s6599,310
s6600,200
s6601,131
s6602,395
s6603,114
s6604,206
s6605,114
s6606,310
s6607,316
s6608,252
s6609,209
s6610,336
s6611,217
s6612,200
s6613,263
s6614,161
s6615,193
s6616,267
s6617,56
s6618,56
s6619,310
s6620,323
s6622,313
s6623,221
s6624,25
s6625,188
s6626,267
s6627,310
s6628,210
s6629,261
s6630,404
s6631,404
s6632,114
s6633,114
s6634,114
s6635,480
s6636,127
s6637,95
s6638,23
s6639,273
s6640,310
s6641,198
s6642,377
s6643,209
s6644,128
s6645,54
s6646,118
s6647,302
s6648,315
s6649,56
s6650,56
s6651,56
s6652,333
s6653,261
s6654,310
s6655,261
s6656,232
s6657,310
s6658,165
s6659,177
s6660,383
s6661,478
s6662,232
s6663,188
s6664,206
s6665,465
s6666,294
s6667,267
s6668,206
s6669,276
s6670,285
s6671,261
s6672,415
s6673,229
s6674,381
s6675,366
s6676,232
s6677,36
s6678,395
s6679,477
s6680,313
s6681,261
s6682,303
s6683,332
s6684,294
s6685,276
s6686,316
s6687,393
s6688,294
s6689,261
s6690,189
s6691,276
s6692,415
s6693,118
s6694,89
s6695,312
s6696,395
s6697,177
s6698,178
s6699,172
s6700,165
s6701,382
s6702,451
s6703,177
s6704,414
s6705,204
s6706,39
s6707,310
s6708,408
s6709,302
s6710,48
s6711,476
s6712,276
s6713,267
s6714,118
s6715,114
s6716,478
s6717,377
s6718,345
s6719,465
s6720,0
s6721,267
s6722,404
s6723,188
s6724,206
s6725,343
s6726,396
s6727,449
s6728,477
s6729,313
s6730,18
s6731,273
s6732,167
s6733,323
s6734,177
s6735,33
s6736,423
s6737,228
s6738,177
s6739,207
s6740,395
s6741,316
s6742,465
s6743,18
s6744,304
s6745,0
s6746,330
s6747,218
s6748,270
s6749,189
s6750,376
s6751,189
s6752,340
s6753,186
s6754,320
s6755,222
s6756,310
s6757,36
s6758,118
s6759,114
s6760,294
s6761,118
s6762,261
s6763,302
s6764,359
s6765,316
s6766,395
s6767,276
s6768,206
s6769,206
s6770,114
s6771,470
s6772,200
s6773,261
s6774,189
s6775,310
s6776,0
s6777,218
s6778,400
s6779,376
s6780,114
s6781,136
s6782,136
s6783,377
s6784,36
s6785,302
s6786,214
s6787,294
s6788,78
s6789,375
s6790,261
s6791,294
s6792,274
s6793,285
s6794,254
s6795,383
s6796,229
s6797,476
s6798,261
s6799,397
s6800,134
s6801,330
s6802,466
s6803,427
s6804,267
s6805,93
s6806,274
s6807,274
s6808,313
s6809,330
s6810,274
s6811,303
s6812,295
s6813,273
s6814,107
s6815,310
s6816,267
s6817,310
s6818,396
s6819,336
s6820,18
s6821,334
s6822,313
s6823,343
s6824,310
s6825,89
s6826,375
s6827,339
s6828,302
s6829,0
s6830,395
s6831,267
s6832,374
s6833,269
s6834,491
s6835,336
s6836,359
s6837,316
s6838,209
s6839,93
s6840,118
s6841,186
s6842,305
s6843,302
s6844,261
s6845,310
s6846,294
s6847,0
s6848,303
s6849,188
s6850,397
s6851,189
s6852,330
s6853,294
s6854,229
s6855,261
s6856,336
s6857,118
s6858,310
s6859,74
s6860,4
s6861,261
s6862,276
s6863,460
s6864,208
s6865,130
s6866,294
s6867,273
s6868,36
s6869,157
s6870,446
s6871,343
s6872,267
s6873,359
s6874,316
s6875,333
s6876,313
s6877,251
s6878,303
s6879,310
s6880,8
s6881,118
s6882,118
s6883,232
s6884,261
s6885,294
s6886,484
s6887,303
s6888,365
s6889,365
s6890,55
s6891,306
s6892,261
s6893,114
s6894,303
s6895,118
s6896,399
s6897,8
s6898,267
s6899,267
s6900,188
s6901,225
s6902,309
s6903,451
s6904,309
s6905,294
s6906,276
s6907,276
s6908,388
s6909,251
s6910,491
s6911,23
s6912,23
s6913,267
s6914,331
s6915,404
s6916,23
s6917,285
s6918,261
s6919,48
s6920,0
s6921,330
s6922,310
s6923,395
s6924,258
s6925,323
s6926,310
s6927,189
s6928,267
s6929,188
s6930,261
s6931,56
s6932,324
s6933,328
s6934,54
s6935,282
s6936,267
s6937,222
s6938,177
s6939,303
s6940,232
s6941,294
s6942,222
s6943,206
s6944,308
s6945,491
s6946,177
s6947,491
s6948,230
s6949,267
s6950,232
s6951,476
s6952,18
s6953,232
s6954,154
s6955,23
s6956,294
s6957,218
s6958,395
s6959,463
s6960,336
s6961,388
s6962,400
s6963,400
s6964,466
s6965,285
s6966,285
s6967,310
s6968,261
s6969,421
s6970,313
s6971,382
s6972,390
s6973,271
s6974,232
s6975,478
s6976,491
s6977,343
s6978,343
s6979,206
s6980,232
s6981,276
s6982,303
s6983,303
s6984,148
s6985,36
s6986,356
s6987,276
s6988,359
s6989,310
s6990,114
s6991,221
s6992,336
s6993,189
s6994,209
s6995,313
s6996,177
s6997,476
s6998,261
s6999,415
s7000,404
s7001,118
s7002,101
s7003,135
s7004,332
s7005,343
s7006,51
s7007,459
s7008,293
s7009,206
s7010,316
s7011,376
s7012,267
s7013,187
s7014,232
s7015,310
s7016,0
s7017,23
s7018,323
s7019,93
s7020,261
s7021,103
s7022,357
s7023,232
s7024,491
s7025,218
s7026,232
s7027,376
s7028,295
s7029,206
s7030,23
s7031,189
s7032,261
s7033,313
s7034,208
s7035,273
s7036,188
s7037,449
s7038,261
s7039,302
s7040,267
s7041,206
s7042,92
s7043,261
s7044,189
s7045,449
s7046,388
s7047,401
s7048,310
s7049,395
s7050,362
s7051,209
s7052,269
s7053,303
s7054,114
s7055,114
s7056,114
s7057,87
s7058,52
s7059,26
s7060,114
s7061,310
s7062,310
s7063,189
s7064,48
s7065,383
s7066,97
s7067,189
s7068,189
s7069,331
s7070,274
s7071,189
s7072,330
s7073,165
s7074,232
s7075,427
s7076,374
s7077,232
s7078,451
s7079,449
s7080,449
s7081,275
s7082,449
s7083,36
s7084,222
s7085,294
s7086,229
s7087,316
s7088,310
s7089,399
s7090,449
s7091,449
s7092,426
s7093,426
s7094,303
s7095,189
s7096,303
s7097,359
s7098,56
s7099,276
s7100,395
s7101,223
s7102,103
s7103,140
s7104,114
s7105,307
s7106,286
s7107,427
s7108,479
s7109,404
s7110,405
s7111,395
s7112,209
s7113,218
s7114,309
s7115,261
s7116,261
s7117,207
s7118,302
s7119,397
s7120,183
s7121,88
s7122,405
s7123,206
s7124,449
s7125,449
s7126,449
s7127,449
s7128,267
s7129,395
s7130,312
s7131,189
s7132,269
s7133,395
s7134,303
s7135,118
s7136,449
s7137,449
s7138,449
s7139,449
s7140,449
s7141,449
s7142,449
s7143,0
s7144,362
s7145,364
s7146,270
s7147,261
s7148,189
s7149,428
s7150,294
s7151,392
s7152,207
s7153,95
s7154,90
s7155,427
s7156,303
s7157,75
s7158,315
s7159,316
s7160,192
s7161,415
s7162,177
s7163,56
s7164,303
s7165,368
s7166,229
s7167,0
s7168,449
s7169,303
s7170,143
s7171,423
s7172,423
s7173,178
s7174,206
s7175,392
s7176,392
s7177,178
s7178,465
s7179,178
s7180,423
s7181,336
s7182,43
s7183,179
s7184,330
s7185,102
s7186,306
s7187,446
s7188,234
s7189,271
s7190,404
s7191,404
s7192,404
s7193,404
s7194,404
s7195,70
s7196,70
s7197,309
s7198,188
s7199,404
s7200,206
s7201,232
s7202,273
s7203,261
s7204,262
s7205,404
s7206,261
s7207,421
s7208,180
s7209,199
s7210,199
s7211,199
s7212,199
s7213,21
s7214,41
s7215,294
s7216,449
s7217,449
s7218,228
s7219,222
s7220,222
s7221,310
s7222,290
s7223,188
s7224,36
s7225,484
s7226,376
s7227,359
s7228,330
s7229,0
s7230,48
s7231,329
s7232,273
s7233,414
s7234,124
s7235,415
s7236,267
s7237,404
s7238,395
s7239,98
s7240,0
s7241,189
s7242,404
s7243,166
s7244,18
s7245,294
s7246,404
s7247,114
s7248,114
s7249,114
s7250,404
s7251,423
s7252,404
s7253,114
s7254,114
s7255,404
s7256,114
s7257,302
s7258,276
s7259,331
s7260,201
s7261,465
s7262,197
s7263,297
s7264,189
s7265,449
s7266,310
s7267,376
s7268,313
s7269,165
s7270,232
s7271,118
s7272,404
s7273,209
s7274,101
s7275,476
s7276,331
s7277,404
s7278,267
s7279,377
s7280,359
s7281,144
s7282,48
s7283,335
s7284,103
s7285,310
s7286,267
s7287,376
s7288,491
s7289,306
s7290,488
s7291,361
s7292,267
s7293,401
s7294,274
s7295,359
s7296,336
s7297,303
s7298,310
s7299,316
s7300,209
s7301,276
s7302,377
s7303,310
s7304,427
s7305,431
s7306,74
s7307,74
s7308,315
s7309,232
s7310,188
s7311,303
s7312,189
s7313,310
s7314,222
s7315,118
s7316,261
s7317,229
s7318,249
s7319,465
s7320,177
s7321,359
s7322,267
s7323,310
s7324,398
s7325,274
s7326,206
s7327,302
s7328,310
s7329,330
s7330,274
s7331,32
s7332,223
s7333,366
s7334,303
s7335,204
s7336,209
s7337,339
s7338,303
s7339,230
s7340,177
s7341,8
s7342,229
s7343,165
s7344,142
s7345,209
s7346,188
s7347,343
s7348,189
s7349,188
s7350,303
s7351,232
s7352,60
s7353,359
s7354,376
s7355,285
s7356,395
s7357,377
s7358,261
s7359,232
s7360,359
s7361,249
s7362,222
s7363,294
s7364,383
s7365,129
s7366,372
s7367,314
s7368,192
s7369,310
s7370,404
s7371,274
s7372,189
s7373,310
s7374,303
s7375,449
s7376,313
s7377,23
s7378,0
s7379,310
s7380,38
s7381,458
s7382,404
s7383,364
s7384,278
s7385,393
s7386,374
s7387,457
s7388,75
s7389,396
s7390,196
s7391,388
s7392,316
s7393,0
s7394,189
s7395,303
s7396,36
s7397,189
s7398,261
s7399,404
s7400,404
s7401,374
s7402,330
s7403,374
s7404,313
s7405,303
s7406,339
s7407,395
s7408,313
s7409,297
s7410,189
s7411,49
s7412,90
s7413,294
s7414,381
s7415,330
s7416,294
s7417,415
s7418,383
s7419,56
s7420,261
s7421,294
s7422,353
s7423,330
s7424,75
s7425,66
s7426,75
s7427,449
s7428,449
s7429,449
s7430,449
s7431,404
s7432,442
s7433,312
s7434,267
s7435,261
s7436,310
s7437,310
s7438,313
s7439,189
s7440,189
s7441,316
s7442,226
s7443,282
s7444,404
s7445,267
s7446,261
s7447,405
s7448,294
s7449,449
s7450,323
s7451,465
s7452,316
s7453,110
s7454,48
s7455,51
s7456,395
s7457,315
s7458,379
s7459,310
s7460,261
s7461,200
s7462,395
s7463,209
s7464,294
s7465,404
s7466,404
s7467,323
s7468,261
s7469,131
s7470,309
s7471,114
s7472,449
s7473,269
s7474,98
s7475,232
s7476,0
s7477,267
s7478,189
s7479,294
s7480,186
s7481,18
s7482,333
s7483,189
s7484,232
s7485,463
s7486,277
s7487,362
s7488,316
s7489,361
s7490,189
s7491,261
s7492,261
s7493,100
s7494,376
s7495,316
s7496,267
s7497,310
s7498,52
s7499,269
s7500,282
s7501,397
s7502,310
s7503,305
s7504,415
s7505,491
s7506,118
s7507,330
s7508,209
s7509,276
s7510,343
s7511,302
s7512,267
s7513,23
s7514,415
s7515,188
s7516,267
s7517,310
s7518,209
s7519,189
s7520,261
s7521,466
s7522,303
s7523,95
s7524,208
s7525,206
s7526,206
s7527,114
s7528,302
s7529,189
s7530,0
s7531,393
s7532,197
s7533,206
s7534,376
s7535,249
s7536,310
s7537,189
s7538,282
s7539,168
s7540,427
s7541,375
s7542,274
s7543,465
s7544,465
s7545,483
s7546,118
s7547,189
s7548,188
s7549,209
s7550,302
s7551,56
s7552,206
s7553,273
s7554,393
s7555,395
s7556,362
s7557,376
s7558,422
s7559,343
s7560,261
s7561,395
s7562,330
s7563,267
s7564,206
s7565,261
s7566,209
s7567,369
s7568,273
s7569,310
s7570,261
s7571,167
s7572,415
s7573,313
s7574,189
s7575,208
s7576,0
s7577,221
s7578,316
s7579,476
s7580,267
s7581,388
s7582,376
s7583,353
s7584,362
s7585,249
s7586,267
s7587,218
s7588,20
s7589,177
s7590,188
s7591,449
s7592,209
s7593,189
s7594,267
s7595,446
s7596,116
s7597,131
s7598,302
s7599,101
s7600,205
s7601,90
s7602,366
s7603,278
s7604,449
s7605,449
s7606,223
s7607,222
s7608,272
s7609,310
s7610,167
s7611,376
s7612,261
s7613,276
s7614,261
s7615,261
s7616,316
s7617,261
s7618,95
s7619,95
s7620,218
s7621,229
s7622,177
s7623,222
s7624,26
s7625,302
s7626,334
s7627,270
s7628,114
s7629,116
s7630,204
s7631,97
s7632,341
s7633,177
s7634,267
s7635,427
s7636,166
s7637,267
s7638,399
s7639,302
s7640,404
s7641,36
s7642,188
s7643,131
s7644,114
s7645,311
s7646,89
s7647,302
s7648,261
s7649,189
s7650,189
s7651,414
s7652,388
s7653,308
s7654,222
s7655,36
s7656,232
s7657,449
s7658,309
s7659,273
s7660,118
s7661,404
s7662,404
s7663,177
s7664,392
s7665,395
s7666,313
s7667,404
s7668,33
s7669,93
s7670,92
s7671,223
s7672,423
s7673,222
s7674,335
s7675,466
s7676,209
s7677,310
s7678,464
s7679,276
s7680,261
s7681,449
s7682,0
s7683,388
s7684,209
s7685,303
s7686,319
s7687,274
s7688,331
s7689,59
s7690,0
s7691,303
s7692,303
s7693,261
s7694,313
s7695,310
s7696,312
s7697,23
s7698,189
s7699,229
s7700,395
s7701,303
s7702,310
s7703,188
s7704,392
s7705,118
s7706,218
s7707,349
s7708,349
s7709,349
s7710,395
s7711,188
s7712,365
s7713,80
s7714,62
s7715,197
s7716,404
s7717,114
s7718,404
s7719,449
s7720,449
s7721,405
s7722,238
s7723,131
s7724,114
s7725,218
s7726,229
s7727,310
s7728,189
s7729,18
s7730,330
s7731,407
s7732,188
s7733,209
s7734,376
s7735,209
s7736,465
s7737,188
s7738,48
s7739,232
s7740,206
s7741,75
s7742,311
s7743,316
s7744,376
s7745,449
s7746,118
s7747,395
s7748,303
s7749,189
s7750,80
s7751,80
s7752,206
s7753,368
s7754,395
s7755,310
s7756,455
s7757,404
s7758,449
s7759,204
s7760,404
s7761,209
s7762,118
s7763,189
s7764,310
s7765,189
s7766,359
s7767,415
s7768,377
s7769,313
s7770,189
s7771,316
s7772,274
s7773,118
s7774,269
s7775,256
s7776,80
s7777,131
s7778,406
s7779,196
s7780,380
s7781,303
s7782,118
s7783,310
s7784,312
s7785,269
s7786,368
s7787,273
